EmpNumber,Age,Gender,EducationBackground,MaritalStatus,EmpDepartment,EmpJobRole,BusinessTravelFrequency,DistanceFromHome,EmpEducationLevel,EmpEnvironmentSatisfaction,EmpHourlyRate,EmpJobInvolvement,EmpJobLevel,EmpJobSatisfaction,NumCompaniesWorked,OverTime,EmpLastSalaryHikePercent,EmpRelationshipSatisfaction,TotalWorkExperienceInYears,TrainingTimesLastYear,EmpWorkLifeBalance,ExperienceYearsAtThisCompany,ExperienceYearsInCurrentRole,YearsSinceLastPromotion,YearsWithCurrManager,Attrition,Predicted PerformaceRating
0,32,1,2,2,5,13,2,10,2,3,55,2,2,3,1,0,12,3,10,2,1,10,7,0,8,0,1
1,47,1,2,2,5,13,2,14,3,3,42,2,2,0,2,0,12,3,20,2,2,7,7,1,7,0,1
2,40,1,1,1,5,13,1,5,3,3,48,1,3,0,5,1,21,2,20,2,2,18,10,1,10,0,2
3,41,1,0,0,3,8,2,10,3,1,73,1,4,3,3,0,15,1,23,2,1,20,6,9,6,0,1
4,53,1,2,2,5,13,2,16,3,0,84,2,2,0,8,0,14,3,10,1,2,2,2,2,2,0,1
5,27,1,1,0,1,3,1,10,1,3,32,2,3,0,1,0,21,2,9,4,1,9,7,1,7,0,2
6,50,1,2,1,5,14,2,8,3,3,54,2,1,1,7,0,15,3,4,2,2,2,2,2,2,0,1
7,28,0,1,2,1,3,2,1,1,0,67,0,1,1,7,1,13,3,10,4,2,7,7,3,7,1,1
8,36,0,1,1,1,3,0,8,2,0,63,3,3,0,8,0,14,0,10,2,2,8,7,0,5,0,1
9,38,0,1,2,1,3,2,1,2,2,81,2,3,2,4,1,14,3,10,4,3,1,0,0,0,0,1
10,44,1,3,2,1,3,0,24,2,0,49,0,1,2,2,0,14,2,9,5,2,5,2,1,4,0,1
11,47,0,3,0,5,13,1,3,2,3,49,2,4,2,8,1,12,3,26,2,1,20,2,9,10,0,1
12,30,1,2,0,5,13,2,26,4,2,96,2,2,3,7,0,22,3,10,2,1,8,7,7,7,0,2
13,29,1,1,2,5,14,2,10,2,2,96,2,1,2,1,0,11,2,1,5,2,1,0,0,0,0,1
14,42,1,3,0,1,3,1,19,2,2,57,3,1,2,6,1,12,3,7,2,2,2,2,2,2,1,1
15,34,0,3,2,1,3,2,8,1,1,96,2,2,2,3,0,11,3,10,2,2,5,1,4,3,0,1
16,39,0,0,1,3,6,2,3,2,2,44,3,2,1,8,0,15,2,12,3,0,8,3,3,6,0,1
17,53,1,3,1,1,3,2,9,2,2,81,2,4,3,7,0,11,2,26,1,1,10,7,1,1,0,1
18,40,0,3,2,1,3,2,2,0,3,86,1,1,3,0,1,20,3,5,2,1,4,2,2,3,0,2
19,27,0,3,2,1,3,2,7,2,3,55,1,2,0,8,0,19,0,9,2,0,7,6,0,7,0,1
20,29,1,2,0,5,14,2,10,2,3,83,2,1,1,1,0,14,3,2,2,2,2,2,2,2,0,1
21,53,1,1,2,1,3,2,6,2,3,86,2,2,3,2,0,17,3,19,4,2,2,2,2,2,0,1
22,35,0,1,0,1,15,0,2,3,3,61,2,2,0,2,0,11,0,16,2,3,1,0,0,0,0,1
23,32,1,1,1,1,3,1,24,3,0,80,2,2,3,1,0,15,3,10,2,2,10,8,4,7,0,1
24,34,0,1,0,1,3,2,8,4,1,32,2,2,0,3,0,14,2,7,3,2,0,0,0,0,0,1
25,52,1,2,1,5,8,2,3,3,2,31,1,4,0,1,0,11,0,26,3,3,20,6,1,10,0,2
26,33,1,4,2,1,3,2,1,3,3,63,2,1,3,1,1,13,2,10,2,1,10,9,7,8,1,1
27,25,0,3,2,5,13,2,26,0,2,32,2,2,3,1,0,22,1,6,5,1,6,5,1,4,0,2
28,45,1,5,2,5,14,2,2,1,1,46,0,2,2,0,0,13,0,9,3,2,8,7,3,1,0,1
29,23,1,3,2,1,3,2,10,0,0,79,3,1,2,1,0,18,3,2,3,2,2,2,0,2,0,1
30,47,0,1,2,5,13,1,26,1,1,77,3,2,2,4,1,12,3,8,2,2,5,4,1,3,1,1
31,34,1,4,2,5,13,2,2,2,3,60,2,2,3,1,0,22,2,6,5,2,6,5,1,4,0,2
32,36,1,1,2,5,13,0,8,3,0,76,1,3,0,1,0,15,1,10,1,2,10,7,0,9,0,1
33,52,1,3,1,1,3,0,19,3,3,41,2,1,3,0,0,18,0,5,3,2,4,3,1,2,0,1
34,26,0,1,0,1,3,1,1,1,0,71,0,1,3,3,0,14,0,5,2,2,2,2,2,0,0,1
35,29,0,3,1,1,3,2,26,2,1,66,2,2,2,4,0,12,0,11,3,1,8,7,1,1,0,1
36,26,1,5,2,5,13,2,8,2,3,38,1,2,0,6,0,17,2,6,2,1,4,3,1,2,1,1
37,34,0,1,2,1,3,2,1,3,1,72,3,1,3,2,0,16,2,10,2,2,4,2,1,3,0,1
38,53,0,3,0,1,3,2,19,3,3,95,2,2,0,8,1,11,1,9,4,2,5,3,1,4,0,1
39,27,1,2,1,5,13,1,8,0,2,84,2,2,3,0,0,19,1,5,3,2,4,2,1,1,0,1
40,37,0,1,0,1,3,2,10,0,3,82,2,1,0,0,1,13,1,6,3,1,5,3,4,3,0,1
41,38,0,1,2,1,3,1,2,3,0,75,3,2,0,6,1,12,3,17,2,2,15,7,4,10,0,1
42,34,0,3,2,1,3,2,2,3,2,86,1,1,0,1,0,11,2,6,3,2,6,5,1,3,0,1
43,35,0,1,1,5,14,2,8,3,0,72,2,1,3,1,0,16,1,3,1,1,3,2,0,2,0,1
44,40,0,3,1,1,3,1,2,1,2,38,3,2,1,1,0,22,3,8,2,2,8,7,3,7,0,2
45,34,0,1,1,5,13,2,8,1,2,93,2,2,0,5,0,17,1,6,1,2,3,2,1,2,0,1
46,24,1,1,0,1,15,0,9,2,2,60,1,1,1,1,0,11,2,1,4,2,1,0,0,0,0,1
47,52,0,1,1,1,15,2,11,3,3,82,2,2,2,8,0,20,1,9,3,2,5,2,1,4,0,2
48,50,1,3,1,1,3,2,2,2,2,64,2,4,2,5,0,16,3,26,3,2,4,3,0,3,0,1
49,29,0,1,1,1,3,2,1,1,1,36,1,1,0,1,1,11,3,1,1,2,1,0,0,0,1,1
50,33,1,3,1,1,3,2,7,2,2,49,2,3,2,0,0,11,3,14,3,3,13,9,3,7,0,1
51,33,0,2,2,5,13,2,16,2,0,69,2,2,0,5,0,15,2,6,3,2,3,2,0,2,1,1
52,47,0,4,1,1,3,2,2,1,2,33,2,4,3,1,1,11,2,26,3,1,20,10,3,0,0,1
53,36,0,4,1,1,3,2,1,2,2,35,2,2,1,0,0,15,0,10,2,2,9,7,0,5,0,1
54,29,1,1,1,1,15,2,23,1,2,81,3,1,2,1,0,22,2,10,3,2,10,7,0,7,0,2
55,35,0,1,2,1,15,2,1,3,3,40,3,1,2,3,0,13,2,7,0,2,2,2,2,2,0,1
56,42,0,1,1,1,3,2,1,1,3,43,1,2,3,8,1,13,3,8,4,2,4,3,0,2,0,1
57,28,1,3,2,1,3,2,2,3,2,46,2,1,2,6,0,17,3,5,3,1,2,2,2,1,1,1
58,36,1,0,1,3,6,2,13,2,2,36,2,1,1,4,0,13,1,8,2,2,5,2,0,4,0,1
59,40,1,3,2,1,3,1,16,3,0,51,1,2,2,6,0,14,3,10,5,2,1,0,0,0,0,1
60,30,0,3,2,1,3,2,2,2,2,52,1,2,3,5,1,22,1,12,4,1,0,0,0,0,0,2
61,45,0,1,2,1,3,2,2,2,1,95,1,1,2,1,0,14,3,1,3,2,1,0,0,0,0,1
62,42,1,1,1,1,3,2,26,2,1,96,2,2,1,1,0,13,3,10,3,1,9,8,7,8,0,1
63,38,1,1,0,1,3,1,12,2,0,45,1,2,0,2,0,15,2,13,3,1,4,3,1,2,0,1
64,49,0,2,1,5,13,2,11,2,2,43,2,3,3,1,0,18,0,9,3,3,9,8,7,7,1,1
65,53,1,3,2,5,13,2,2,0,2,37,2,2,3,4,0,16,2,12,3,1,9,7,7,3,1,1
66,43,1,1,1,1,3,2,14,1,1,94,2,4,0,6,0,22,2,22,3,2,4,1,1,0,0,1
67,27,1,5,0,1,3,2,5,0,2,42,1,3,3,1,1,16,1,9,3,2,9,8,0,8,0,1
68,35,1,4,2,1,3,2,7,2,2,59,2,3,2,3,0,21,1,17,3,3,8,5,1,6,0,2
69,28,0,2,1,5,13,2,2,3,1,81,2,2,1,1,1,20,0,8,2,2,8,7,7,5,0,0
70,26,0,3,1,1,3,1,5,1,2,88,1,1,2,1,1,14,0,8,2,2,8,7,1,7,1,1
71,27,1,3,1,1,3,0,3,2,3,50,2,1,3,1,0,11,2,0,5,1,0,0,0,0,0,1
72,51,0,2,1,5,8,2,26,3,0,66,2,4,2,2,0,14,2,26,2,1,20,6,4,10,0,1
73,44,1,3,2,1,3,2,4,2,3,50,2,2,1,8,0,12,3,10,2,1,5,2,2,3,0,1
74,25,1,3,2,1,3,2,2,0,0,65,3,1,0,7,0,13,2,6,3,1,4,3,0,1,0,1
75,35,0,3,2,1,15,2,26,0,2,53,1,1,0,1,0,11,3,6,3,1,6,5,1,1,0,1
76,36,1,1,1,5,13,2,1,1,1,56,2,2,3,1,1,14,3,18,1,1,18,10,4,10,0,1
77,53,0,2,1,5,13,2,7,1,0,78,1,3,3,7,1,18,3,26,3,2,5,2,0,4,0,1
78,45,1,2,0,5,13,2,9,2,3,74,2,3,0,4,1,12,2,18,2,2,5,4,0,2,0,1
79,32,0,3,1,1,3,2,8,1,2,91,3,2,2,5,0,12,2,9,3,1,5,3,1,3,0,1
80,37,1,2,0,5,13,2,16,3,3,66,1,2,2,4,0,19,3,9,2,2,1,0,0,0,0,1
81,28,1,3,0,3,6,2,8,1,1,63,1,1,3,1,0,13,3,6,5,2,5,1,0,4,0,1
82,22,1,1,1,1,15,2,1,1,3,33,1,2,3,6,0,22,0,4,2,0,2,2,2,2,0,1
83,44,1,1,1,1,3,2,8,3,0,62,3,1,3,2,1,22,2,10,2,1,3,2,0,2,0,1
84,42,1,3,2,1,15,1,2,0,1,35,2,1,3,5,1,14,3,8,2,2,2,1,2,2,0,1
85,36,1,1,1,3,6,2,8,2,0,77,1,1,0,0,0,21,2,6,3,2,5,4,0,3,0,1
86,25,1,4,1,5,13,2,3,0,2,96,2,2,0,1,1,18,3,5,3,2,5,3,0,3,0,1
87,35,0,1,0,1,3,1,25,3,3,96,2,1,1,1,1,19,0,10,3,1,10,2,7,8,1,1
88,32,1,1,0,1,3,0,1,2,3,61,2,1,3,0,0,12,1,4,2,2,3,0,0,2,0,1
89,49,0,5,1,0,1,2,1,2,2,36,2,1,0,2,0,16,1,7,2,2,4,2,0,2,0,1
90,24,1,1,1,1,15,0,4,0,0,46,1,1,3,0,0,17,3,6,2,1,5,2,3,4,0,1
91,32,1,1,1,5,13,1,5,1,1,48,2,2,1,1,0,14,3,10,3,2,10,8,5,3,0,1
92,38,1,2,1,5,14,2,9,2,1,96,1,1,1,0,0,19,3,3,3,2,2,2,1,2,0,1
93,31,1,1,1,1,15,2,11,3,3,48,2,1,3,3,1,19,1,8,2,2,6,4,0,2,0,1
94,53,1,2,1,5,13,2,8,2,0,73,2,4,3,5,0,14,2,26,3,2,2,0,2,2,0,1
95,37,0,3,1,5,14,1,21,1,2,54,2,1,3,5,0,15,1,10,3,2,5,4,0,0,0,1
96,53,0,1,2,1,3,2,23,3,3,72,2,4,3,6,0,18,2,26,0,2,12,9,3,8,0,1
97,43,0,1,1,1,3,1,1,2,3,33,2,2,3,4,0,13,1,12,2,1,5,2,2,2,0,1
98,47,0,2,1,5,13,2,2,1,2,35,2,2,3,0,1,22,0,8,2,2,7,6,7,7,0,2
99,37,1,3,2,5,13,0,19,1,0,32,2,3,1,1,1,13,3,10,2,2,10,0,0,9,0,1
100,50,1,1,0,1,3,0,2,3,0,96,2,4,0,1,0,11,3,26,3,2,20,6,9,7,0,1
101,39,0,1,1,3,6,2,2,2,3,42,1,2,3,8,0,11,2,13,2,2,5,4,0,4,0,1
102,33,1,0,0,3,6,2,3,1,3,57,2,1,1,3,1,11,2,7,4,3,4,3,0,3,0,1
103,32,1,1,2,1,3,2,25,3,0,87,2,1,3,1,1,22,2,1,2,0,1,0,0,1,1,1
104,44,1,1,1,1,3,2,9,1,1,61,2,1,0,1,1,13,3,8,0,2,8,7,7,1,0,1
105,53,1,1,0,1,3,1,2,0,3,57,1,1,3,8,1,14,3,3,3,1,1,0,0,0,1,1
106,20,0,3,2,5,14,2,2,2,2,49,1,1,2,1,0,13,3,2,3,1,2,2,0,2,1,1
107,21,0,4,2,0,1,2,18,0,3,65,2,1,3,1,0,19,0,1,3,1,1,0,0,0,1,1
108,36,1,1,1,0,1,2,14,0,2,68,2,2,3,0,1,17,0,17,2,1,16,8,4,10,0,1
109,47,0,1,2,5,14,2,2,3,3,65,1,1,3,1,1,18,0,3,3,1,3,2,1,2,0,1
110,22,0,1,1,1,3,2,3,0,1,34,2,2,2,0,1,19,0,4,3,3,3,2,0,2,1,1
111,28,0,3,0,1,3,2,9,2,2,77,2,1,2,5,0,18,1,6,2,2,2,2,2,2,0,1
112,39,1,3,1,1,15,2,6,2,3,70,2,1,0,7,1,21,3,8,2,0,2,2,2,2,1,1
113,27,0,1,2,1,3,2,4,2,1,76,2,1,2,1,0,19,2,1,2,2,1,1,0,0,0,1
114,34,1,1,0,1,3,2,10,2,1,83,2,1,1,1,0,14,1,1,3,2,1,0,1,0,0,1
115,42,0,3,2,5,13,2,14,1,2,68,1,2,2,7,0,17,0,10,5,2,5,4,0,3,0,1
116,33,1,4,2,1,15,2,1,3,2,96,1,1,0,3,1,11,1,6,1,2,3,2,0,2,0,1
117,53,0,5,0,1,15,2,5,2,2,37,1,3,1,2,1,13,3,24,3,2,6,0,0,4,0,1
118,31,1,1,1,5,14,2,7,3,1,41,1,1,2,3,0,15,1,13,2,3,7,7,5,2,0,1
119,35,0,1,1,1,15,2,21,0,3,51,2,2,3,1,1,22,3,10,2,0,10,6,0,7,0,1
120,48,1,3,1,0,1,2,20,3,3,51,2,1,2,4,0,17,0,13,2,1,0,0,0,0,0,1
121,31,0,2,1,5,13,0,20,1,3,45,2,2,2,1,0,13,3,9,2,1,9,8,0,0,0,1
122,36,1,4,2,1,3,2,7,3,1,65,2,1,3,2,0,18,2,8,5,2,6,2,0,1,0,1
123,38,0,5,1,1,15,2,1,2,3,80,2,3,0,1,0,13,1,15,3,2,15,10,5,10,0,1
124,32,0,1,1,1,15,0,1,2,2,70,1,1,1,6,0,20,2,5,3,2,3,0,0,2,0,2
125,25,1,2,1,5,14,2,19,1,2,36,1,1,1,1,1,18,2,1,2,2,1,0,0,0,1,1
126,41,1,3,2,1,3,2,6,2,3,59,2,1,0,2,1,13,2,20,3,2,18,10,2,10,0,1
127,36,1,3,2,1,3,2,2,3,2,79,2,1,2,4,0,21,2,16,5,2,11,8,3,9,0,2
128,19,1,4,2,5,14,2,21,2,3,37,1,1,1,1,1,13,1,1,3,3,1,0,0,0,1,1
129,20,1,5,2,1,3,2,4,2,0,84,2,1,0,1,0,19,1,1,2,2,1,0,0,0,1,1
130,31,0,3,1,1,3,2,12,2,3,41,2,2,3,0,1,11,2,10,2,0,9,7,8,5,0,1
131,36,1,1,1,5,13,2,3,0,2,51,1,3,3,1,1,11,0,16,5,2,16,7,3,7,1,1
132,37,1,1,1,5,13,2,1,3,0,46,1,3,2,5,0,11,2,17,2,0,14,1,9,7,1,0
133,45,1,1,1,1,3,0,4,1,2,57,2,2,1,1,0,12,1,9,5,1,9,7,0,8,0,1
134,29,0,5,1,5,14,1,20,2,2,84,2,1,3,1,0,15,1,3,5,2,3,1,0,2,0,1
135,35,0,3,1,5,13,2,18,2,2,86,2,2,2,1,0,16,1,5,3,2,5,2,1,0,0,1
136,52,1,1,1,1,15,2,1,1,3,70,2,4,3,2,0,15,1,26,2,1,9,8,7,8,0,1
137,53,1,3,0,5,8,2,2,1,2,45,2,4,2,6,0,13,2,22,3,3,17,10,9,2,0,1
138,30,1,4,0,5,13,2,8,1,2,62,2,3,2,5,0,11,0,10,2,3,8,4,7,7,0,1
139,35,1,1,0,5,13,2,3,3,3,92,2,3,3,6,0,13,1,12,2,2,10,9,0,8,0,1
140,39,1,1,2,5,13,2,2,4,0,41,3,3,2,0,0,18,3,9,3,2,8,7,0,7,0,1
141,40,0,1,2,5,13,0,24,2,1,96,3,4,1,4,1,16,3,22,2,1,1,0,0,0,1,1
142,47,1,3,0,1,15,1,16,3,2,64,3,2,2,1,1,19,2,20,3,3,19,10,2,7,0,1
143,36,1,5,0,5,13,0,8,3,0,84,2,2,3,4,0,13,3,12,3,2,7,7,0,7,0,1
144,31,1,3,2,1,3,0,9,1,2,46,1,1,0,0,1,22,0,4,0,2,3,2,1,2,1,2
145,33,1,1,2,5,8,0,17,2,3,38,2,4,2,1,0,11,3,10,2,2,10,8,6,0,0,1
146,29,0,1,2,1,3,2,10,2,3,92,1,1,0,6,1,20,2,3,5,2,0,0,0,0,1,2
147,33,0,1,2,1,3,2,13,0,1,53,2,1,3,3,0,18,0,5,4,2,3,2,0,2,0,1
148,45,0,3,0,1,3,2,1,3,3,91,2,1,3,3,0,14,3,8,2,2,5,3,0,2,0,1
149,50,1,3,0,1,15,2,1,1,3,66,2,4,3,8,0,22,2,26,1,1,5,4,1,3,0,2
150,33,0,4,1,1,3,1,1,3,2,84,3,2,1,1,1,13,0,6,2,2,6,5,1,2,0,1
151,41,1,3,0,1,3,1,9,2,0,64,2,4,2,2,0,17,1,21,2,3,18,10,0,10,0,1
152,45,1,1,1,1,3,0,23,1,3,42,2,2,0,1,1,15,2,9,2,2,9,8,0,8,0,1
153,47,0,1,2,5,13,2,4,1,3,83,2,2,3,1,1,17,2,9,0,2,9,0,0,7,0,1
154,30,0,1,1,1,3,2,22,2,0,48,2,1,2,4,1,11,1,7,2,2,5,2,0,1,1,1
155,50,1,1,1,1,3,2,24,2,3,95,2,4,2,3,1,18,3,22,2,2,12,10,1,5,0,1
156,38,1,3,1,4,16,1,10,0,2,66,2,1,2,0,0,17,1,3,0,1,2,1,0,2,0,1
157,35,1,4,0,4,7,2,14,3,2,39,1,1,1,1,1,22,3,5,2,0,4,2,0,2,1,1
158,31,0,1,1,4,10,1,1,0,2,96,2,2,0,1,0,12,2,4,1,2,4,3,0,3,0,1
159,18,1,1,2,4,12,0,5,1,1,73,2,1,3,1,0,15,3,0,2,2,0,0,0,0,0,1
160,53,0,5,1,4,16,2,17,2,2,56,2,3,2,8,0,11,2,22,2,2,10,7,0,8,0,1
161,35,0,3,0,4,5,2,25,3,2,57,2,3,2,1,1,11,2,16,3,1,16,10,9,1,0,1
162,30,0,1,1,4,11,2,8,1,1,73,3,3,0,0,1,12,2,9,4,1,8,7,1,7,0,0
163,26,1,3,1,4,16,2,2,1,3,32,3,2,3,1,0,12,1,8,2,2,8,7,1,3,0,1
164,22,1,1,1,4,7,2,8,0,1,94,0,1,0,1,0,15,0,4,3,1,4,3,1,1,0,0
165,48,1,1,2,4,5,2,6,2,0,96,1,2,2,2,0,13,3,19,0,2,2,2,2,2,0,0
166,48,1,1,2,4,16,2,4,3,2,78,1,3,2,7,0,14,1,26,3,2,15,10,4,8,0,1
167,41,0,3,2,4,10,2,7,1,3,42,2,2,2,6,0,14,1,8,5,2,2,2,2,1,0,1
168,39,0,1,1,4,10,2,1,0,3,65,1,4,3,1,0,16,2,21,3,2,20,6,9,8,0,1
169,27,0,1,1,4,16,2,2,3,0,47,2,2,3,0,0,18,1,4,2,2,3,2,2,2,0,0
170,35,1,4,0,4,7,2,10,2,1,45,2,1,3,1,0,20,0,3,4,1,3,2,1,2,0,0
171,42,1,2,1,5,8,2,5,1,3,90,2,4,2,6,0,13,1,21,3,3,1,0,0,0,0,2
172,50,1,1,1,4,7,2,9,2,0,64,2,1,3,4,0,18,1,8,5,2,1,0,0,0,0,1
173,53,0,1,2,4,10,2,2,2,2,69,1,4,3,3,1,13,0,26,4,2,5,3,4,3,0,1
174,53,1,3,1,4,5,1,18,3,2,62,2,2,1,3,1,14,3,17,3,2,8,7,6,7,0,1
175,41,0,1,0,4,11,0,7,0,1,55,0,4,2,1,0,22,1,21,3,2,20,10,5,10,0,0
176,38,1,1,2,5,13,2,3,3,1,42,2,2,3,8,1,12,2,19,1,2,1,0,0,0,0,1
177,26,1,3,2,5,13,0,26,1,1,79,0,2,0,8,0,18,3,7,5,2,2,2,2,2,1,0
178,52,0,2,1,5,8,2,2,0,0,57,0,4,3,1,0,15,3,26,3,2,20,10,6,9,1,0
179,44,0,3,1,5,13,2,26,2,3,53,3,4,3,3,1,18,2,23,2,2,12,10,9,10,0,1
180,50,0,1,1,5,13,0,1,2,3,95,2,2,2,0,0,12,0,19,3,2,18,7,0,10,0,1
181,39,0,3,2,4,10,1,22,2,3,82,2,3,0,1,1,13,2,21,2,2,20,6,2,8,0,1
182,33,0,1,2,5,14,0,8,0,1,88,1,1,3,0,0,19,3,3,2,1,2,2,2,2,0,0
183,45,0,1,1,5,8,2,11,1,3,90,2,4,3,3,0,13,1,26,4,3,9,3,1,1,0,1
184,32,0,3,2,4,16,0,26,3,3,69,2,1,2,8,0,12,1,10,2,2,8,7,7,7,0,1
185,34,1,2,0,5,13,2,1,3,1,75,3,2,3,0,0,11,3,16,2,1,15,1,0,9,0,1
186,53,1,5,1,5,8,2,1,1,1,66,2,3,3,3,1,14,2,14,1,0,6,4,0,4,0,1
187,45,1,3,2,3,6,2,24,3,1,36,2,1,1,1,0,16,0,6,3,2,6,3,0,4,0,1
188,36,1,4,0,4,7,2,15,2,0,81,2,2,2,7,0,14,1,9,3,1,1,0,0,0,1,1
189,26,1,1,1,4,12,1,2,2,0,57,2,1,0,6,1,14,1,6,2,2,3,2,1,2,1,0
190,28,1,3,1,5,14,2,10,0,3,74,2,1,1,1,0,22,1,1,5,2,1,0,0,0,0,2
191,38,1,4,1,4,16,1,3,3,2,44,2,1,2,3,0,16,0,8,2,2,2,2,2,2,0,1
192,50,1,3,1,4,16,2,2,3,1,62,2,4,2,2,1,11,3,26,2,1,8,1,7,7,0,1
193,37,0,4,2,4,5,2,3,2,3,35,2,2,1,3,0,15,0,8,3,1,4,3,0,1,0,1
194,40,1,2,1,5,13,2,26,2,2,74,2,2,0,1,0,14,1,8,3,1,7,7,7,5,0,1
195,26,0,3,0,4,12,1,1,0,0,66,1,1,2,1,0,13,2,5,5,2,5,3,1,3,0,0
196,53,0,1,1,5,13,2,2,3,2,41,1,3,2,6,0,11,1,13,4,2,9,4,7,0,0,1
197,53,0,3,1,4,16,1,9,2,0,63,2,1,2,2,0,19,1,18,4,2,5,4,0,3,0,1
198,36,0,3,2,4,10,2,12,4,3,51,1,3,3,0,0,11,1,15,2,1,14,8,7,8,0,1
199,53,1,3,2,4,8,0,2,0,2,40,1,4,0,7,0,15,1,26,3,3,9,7,6,2,0,1
200,43,1,3,0,5,13,2,25,2,2,79,1,3,3,5,0,13,2,18,5,2,1,0,0,0,0,1
201,20,0,2,2,5,14,1,9,2,3,54,2,1,3,1,1,14,1,2,3,2,2,2,0,2,1,1
202,21,0,1,2,4,16,2,10,2,2,36,1,1,0,1,0,13,0,1,5,1,1,0,1,0,1,1
203,46,0,1,0,4,16,2,8,3,3,74,1,2,0,8,1,22,0,19,2,2,16,10,1,7,0,2
204,28,1,5,2,4,16,0,24,1,1,72,1,3,0,1,0,12,0,10,2,1,10,7,1,9,1,0
205,26,1,3,1,4,7,2,1,1,0,59,1,1,0,1,0,16,0,6,2,2,5,3,1,3,0,0
206,30,1,4,1,4,16,2,20,2,2,85,2,2,0,0,0,15,2,7,1,1,6,2,0,2,0,1
207,38,0,1,1,4,5,2,17,0,2,65,1,3,2,0,0,18,0,20,4,1,19,9,1,9,0,1
208,40,1,5,1,4,16,2,20,3,0,61,2,3,3,4,0,20,3,14,5,2,11,10,9,1,0,0
209,27,1,1,1,4,16,0,8,4,0,87,0,1,2,1,0,19,3,3,4,2,3,2,1,2,0,0
210,53,1,1,1,4,9,1,2,0,3,65,2,3,1,3,0,18,1,23,4,2,3,2,1,2,0,1
211,44,1,3,1,3,6,2,1,1,1,91,1,3,0,8,0,14,3,24,1,2,20,6,3,6,1,0
212,33,0,3,2,4,12,1,26,3,0,54,1,2,2,1,0,22,1,14,4,2,13,7,3,8,1,0
213,34,1,1,2,4,5,1,3,0,0,45,2,2,3,0,0,17,2,7,1,1,6,2,0,4,0,1
214,25,1,5,1,4,9,2,4,0,3,32,2,1,3,1,1,15,1,7,3,3,7,7,5,6,1,1
215,26,1,3,0,4,9,2,21,2,0,37,2,1,2,1,0,20,2,1,0,1,1,1,0,0,1,2
216,42,1,3,1,4,8,2,2,1,3,35,2,4,0,0,0,17,3,23,3,2,20,6,9,7,0,1
217,28,1,3,0,4,9,1,1,2,0,45,1,1,1,1,0,15,0,1,2,2,1,0,0,0,1,1
218,50,1,4,2,5,13,1,1,3,3,81,2,2,2,3,1,14,3,5,4,2,0,0,0,0,1,1
219,33,0,1,1,5,13,1,7,2,3,30,2,2,1,0,0,17,2,4,3,2,3,2,0,2,0,1
220,34,1,1,1,4,12,0,3,3,2,40,1,1,3,3,0,17,3,6,2,2,0,0,0,0,0,1
221,48,1,3,2,4,9,0,1,3,0,35,3,4,3,2,0,22,2,26,3,1,5,4,2,1,0,0
222,45,0,1,1,5,13,0,9,3,1,65,1,2,2,1,0,13,3,15,2,2,15,10,4,10,0,0
223,52,1,1,2,4,5,2,7,3,1,87,2,3,1,7,0,19,3,18,4,2,8,6,4,0,0,0
224,38,1,2,0,5,13,2,10,3,2,73,1,3,2,0,1,14,1,9,2,2,8,7,2,7,0,1
225,29,0,1,0,4,9,2,26,3,2,93,2,1,3,4,0,22,0,11,1,2,7,5,1,7,0,2
226,28,0,3,0,4,10,2,3,2,3,93,2,3,1,0,0,17,1,10,3,1,9,7,1,7,0,1
227,46,1,2,1,5,8,2,3,0,0,52,2,4,2,3,0,12,3,23,3,2,12,9,4,9,0,0
228,38,1,2,2,5,13,2,2,1,3,32,2,3,1,7,0,16,2,10,2,2,1,0,0,0,0,1
229,39,1,1,0,4,5,1,2,2,0,84,2,4,3,7,0,11,3,21,4,2,18,7,9,5,1,0
230,40,1,3,2,4,9,2,14,2,2,44,1,4,2,1,0,14,0,21,2,3,20,7,4,9,0,1
231,39,1,1,2,4,7,0,9,2,2,70,2,2,1,8,0,15,2,9,2,1,5,4,0,3,0,1
232,36,1,1,2,4,10,0,18,3,0,78,2,2,3,2,0,20,0,18,0,2,11,9,0,9,0,1
233,31,1,1,1,5,14,1,20,2,2,67,3,1,3,0,0,12,0,3,4,2,2,2,2,2,0,1
234,28,1,1,1,4,9,2,2,0,0,67,1,1,1,0,0,17,0,6,2,0,5,3,0,4,0,1
235,35,1,2,0,5,13,1,11,1,3,54,2,2,3,1,0,11,3,5,3,2,5,2,0,2,0,1
236,49,1,5,1,5,13,2,8,3,3,56,1,4,1,6,0,17,1,22,3,2,9,8,2,3,0,1
237,34,1,1,2,4,9,1,2,1,3,95,2,2,2,2,0,11,3,5,3,1,3,2,0,2,0,1
238,29,0,1,0,4,12,1,10,2,3,61,2,1,1,0,0,14,3,8,2,1,7,5,1,1,0,1
239,42,1,3,2,4,7,2,26,2,1,56,0,2,3,4,0,19,0,16,3,2,1,0,0,0,0,1
240,29,1,3,1,4,10,2,8,0,1,79,1,2,3,1,1,15,2,10,2,1,10,7,1,2,0,0
241,28,1,1,0,4,12,1,6,2,2,39,1,1,2,1,1,14,3,3,2,2,3,1,0,2,0,1
242,18,1,3,2,4,7,0,8,0,2,80,2,1,2,1,0,12,3,0,0,2,0,0,0,0,1,1
243,33,0,2,2,5,13,2,9,3,0,77,2,2,0,0,1,17,0,6,3,2,5,2,0,3,1,1
244,41,1,1,1,4,7,2,12,3,1,46,2,1,3,3,1,11,0,6,4,2,1,0,0,0,0,1
245,31,1,3,1,4,7,1,15,2,2,72,2,1,2,1,0,12,2,2,5,1,2,2,2,2,1,1
246,37,0,3,0,4,5,2,25,1,2,52,1,2,3,7,0,13,2,9,2,2,6,2,1,3,0,1
247,27,1,1,1,4,12,2,6,2,3,55,1,1,2,1,0,13,2,4,0,2,4,2,2,2,0,1
248,34,0,1,1,5,13,2,9,0,1,70,2,2,2,1,0,20,0,6,3,1,6,5,1,3,0,0
249,35,1,5,2,3,6,2,8,3,2,96,2,1,2,1,0,17,1,6,2,0,5,4,1,4,0,0
250,29,0,1,1,5,13,2,23,0,3,45,1,3,0,1,0,13,0,11,3,0,11,8,3,10,1,0
251,40,0,3,2,4,11,1,9,3,1,88,2,3,2,8,0,17,2,20,3,1,18,7,2,10,0,0
252,42,1,1,2,5,13,1,12,2,2,44,2,4,0,0,1,12,1,22,2,1,20,9,9,10,1,1
253,42,1,2,2,5,13,2,4,3,1,45,2,2,0,7,0,13,3,9,3,3,6,4,1,5,0,2
254,24,1,3,2,4,7,2,24,2,3,49,2,1,1,8,0,22,3,6,2,2,4,3,1,2,0,2
255,28,0,1,1,4,9,2,12,0,2,79,2,1,3,1,1,11,3,1,4,1,1,1,0,0,1,1
256,26,1,3,1,4,9,2,3,3,0,82,3,1,3,1,0,22,1,8,2,2,8,7,0,7,0,1
257,30,1,2,1,5,13,2,10,2,2,72,1,2,2,1,0,18,0,10,3,2,10,3,1,4,0,1
258,40,0,3,1,4,12,1,26,1,2,92,1,2,3,3,1,13,3,16,3,0,1,1,0,0,0,1
259,35,1,1,0,4,10,2,2,2,2,44,1,3,1,2,0,18,1,15,2,3,7,7,6,4,0,1
260,34,1,3,2,4,5,1,1,2,3,96,1,2,0,0,0,20,2,14,3,2,13,9,4,9,0,2
261,35,1,4,1,4,7,1,4,3,3,47,1,1,3,1,0,13,1,2,2,3,2,2,2,2,0,1
262,43,0,2,2,5,13,2,9,2,0,85,0,2,2,8,0,13,1,7,2,1,4,3,1,3,1,0
263,32,0,1,0,5,14,0,2,0,2,76,2,1,0,1,0,12,2,1,3,2,1,0,0,0,0,1
264,53,0,5,0,4,8,2,4,3,3,92,2,4,0,4,0,13,3,26,2,2,5,2,4,2,0,1
265,29,0,3,1,4,9,2,6,0,1,54,2,1,3,1,0,13,0,10,5,2,10,8,0,8,0,1
266,19,1,1,2,4,12,2,9,1,2,54,2,1,0,1,0,22,2,1,4,2,1,1,0,0,0,2
267,45,0,3,1,4,9,2,7,2,0,83,2,1,2,4,1,19,2,7,2,1,3,2,0,2,0,1
268,37,0,1,1,4,10,2,1,2,3,56,1,2,3,1,0,13,1,14,2,1,14,8,3,10,0,1
269,44,1,1,2,4,9,2,10,3,2,96,2,1,2,1,1,11,2,6,4,2,6,4,0,2,1,1
270,53,0,3,0,4,9,2,7,1,3,50,2,4,2,3,0,18,1,26,5,2,7,7,4,7,0,1
271,22,1,1,1,4,9,1,3,3,2,48,1,1,3,0,1,11,1,1,5,2,0,0,0,0,1,1
272,46,0,2,1,5,8,2,2,2,2,69,2,4,0,8,0,22,0,26,2,2,20,10,9,9,0,2
273,44,1,1,2,4,12,0,17,2,3,74,0,1,2,2,0,13,3,6,3,2,0,0,0,0,0,1
274,33,1,0,1,3,6,2,2,2,1,96,2,1,2,1,0,13,3,5,2,2,5,4,1,4,0,0
275,30,1,1,0,5,13,2,26,3,2,61,2,2,0,8,0,19,2,8,3,2,4,3,0,3,0,1
276,40,1,3,1,5,13,1,2,3,1,62,2,2,1,5,0,12,3,5,2,2,0,0,0,0,0,1
277,50,0,3,1,4,9,1,2,2,3,30,2,4,0,2,0,22,2,26,3,2,2,2,2,2,0,2
278,46,1,1,1,4,9,2,15,1,3,52,2,4,1,5,0,11,0,25,2,2,4,2,0,3,0,1
279,35,1,1,1,5,13,2,17,3,2,94,2,2,0,3,1,15,3,15,2,2,7,7,1,7,0,1
280,24,0,1,1,4,7,2,17,1,3,96,2,1,1,1,0,13,0,1,3,0,1,0,0,0,1,1
281,33,0,3,1,5,13,1,25,2,1,82,2,2,2,1,0,12,0,10,3,1,10,7,0,1,0,1
282,36,1,1,0,4,7,2,6,3,2,60,0,1,2,1,0,14,2,7,4,2,7,7,1,7,0,1
283,44,1,4,2,4,12,2,26,3,3,32,2,2,3,1,0,22,1,20,3,2,20,10,9,10,0,2
284,42,1,3,1,3,6,0,2,4,3,79,3,2,0,7,0,16,0,10,3,3,4,3,0,3,0,2
285,32,0,4,1,4,7,1,13,2,2,77,1,1,1,1,0,20,2,2,2,2,2,2,2,2,0,2
286,32,0,1,2,4,9,1,2,1,3,38,2,2,2,4,1,14,3,10,2,2,8,7,0,7,0,1
287,36,0,5,0,4,10,2,1,2,2,77,0,3,0,2,1,21,2,17,2,2,7,7,7,7,0,2
288,33,1,3,1,4,12,2,9,2,0,60,2,1,3,0,0,13,1,15,5,2,14,10,4,10,0,0
289,25,1,1,2,5,13,2,10,3,2,57,2,2,3,0,0,14,1,5,4,2,4,3,1,1,0,1
290,42,0,3,1,4,11,1,26,4,0,60,2,3,0,3,1,17,2,20,5,2,1,0,0,0,0,1
291,27,1,1,1,4,9,2,14,2,0,42,2,1,0,1,1,14,3,9,3,1,9,7,6,8,0,0
292,53,0,1,0,4,10,1,1,3,3,53,2,3,2,7,0,17,0,26,2,0,5,4,1,4,0,1
293,44,0,1,1,4,9,2,2,0,0,72,3,1,3,1,0,13,3,10,5,2,10,5,7,7,0,0
294,19,0,3,2,4,12,0,10,2,0,96,1,1,1,1,1,22,1,1,2,3,1,1,0,0,1,2
295,53,1,1,1,4,11,2,3,2,3,85,2,4,3,3,0,14,0,26,2,2,10,9,0,9,0,1
296,31,1,3,1,4,9,2,11,1,2,80,2,2,0,1,1,12,3,6,2,1,6,5,0,1,0,1
297,43,1,1,1,4,11,2,3,2,2,96,0,4,3,3,0,14,1,25,2,2,8,7,0,7,0,1
298,49,1,3,1,4,9,2,4,1,0,85,1,4,2,2,0,13,2,23,2,3,1,0,0,0,0,1
299,36,1,5,1,4,12,1,3,2,2,46,2,1,1,1,0,12,2,12,2,1,11,10,0,7,0,1
300,48,1,5,2,4,7,2,2,1,3,76,3,1,1,5,0,11,2,7,4,1,1,0,0,0,0,1
301,29,1,1,0,4,9,2,7,2,2,82,2,2,3,1,1,11,1,6,2,2,6,0,1,0,0,1
302,48,1,1,2,4,11,2,1,2,3,76,1,4,3,6,0,12,2,25,3,3,1,0,0,0,0,2
303,29,0,1,0,4,11,2,1,2,3,87,1,4,3,3,0,14,1,9,2,1,7,7,1,7,0,1
304,44,1,2,1,5,8,2,5,2,1,88,2,4,1,7,0,11,2,26,5,2,20,9,3,10,0,0
305,23,1,1,1,4,12,2,1,1,3,47,2,1,2,1,0,22,3,1,2,2,1,0,0,1,0,2
306,26,1,1,2,4,12,2,4,1,2,53,2,1,3,1,1,20,1,8,2,1,8,5,2,2,0,2
307,45,0,2,2,5,8,2,2,2,0,94,0,4,1,2,1,16,0,26,2,2,20,10,1,10,1,0
308,53,1,3,0,4,5,0,8,0,3,37,1,4,1,1,1,15,3,26,3,2,20,9,9,0,0,1
309,21,0,1,2,4,7,1,10,1,0,45,1,1,2,1,0,20,2,2,2,0,2,2,2,2,1,0
310,46,0,2,1,5,8,2,4,1,3,33,1,4,1,2,0,14,2,26,2,2,11,4,0,8,0,1
311,34,0,2,2,5,13,2,2,2,2,86,2,2,0,0,1,12,3,4,3,2,3,2,0,2,0,1
312,51,1,1,0,5,8,1,9,2,3,83,2,4,1,4,1,22,0,26,5,1,20,10,9,10,0,2
313,53,1,3,2,4,9,2,18,3,3,67,2,3,3,6,0,12,3,25,5,1,9,7,5,4,0,1
314,34,0,3,0,4,7,1,19,2,2,46,2,2,1,4,0,13,2,15,2,3,11,8,5,10,0,1
315,28,1,3,2,4,7,1,1,3,3,44,2,1,2,0,1,11,2,5,2,1,4,2,0,2,0,1
316,44,1,1,0,4,9,2,4,1,2,92,3,4,0,1,0,14,3,26,4,1,20,9,9,10,0,1
317,34,1,1,1,3,6,1,11,2,2,56,1,2,1,4,0,11,3,14,5,3,10,9,1,8,0,1
318,35,1,1,1,4,12,2,6,0,2,66,2,1,2,0,1,14,3,4,3,2,3,2,2,2,0,1
319,42,0,3,1,4,12,2,7,3,1,78,3,2,1,6,1,16,3,18,2,2,1,0,0,0,0,1
320,43,0,2,2,5,13,2,4,3,3,56,1,3,3,3,0,14,3,23,3,3,20,7,9,10,0,1
321,36,0,1,2,4,10,2,2,3,2,53,2,2,1,8,1,11,3,18,2,2,16,10,5,10,0,1
322,28,1,1,1,4,7,1,2,2,3,52,1,1,3,1,1,12,1,2,2,2,2,2,2,2,0,1
323,51,0,3,2,4,7,1,6,1,1,40,1,1,2,0,0,14,1,8,5,1,7,0,7,7,0,1
324,30,0,3,2,4,10,0,9,1,2,72,2,2,2,7,1,18,2,10,3,2,8,4,1,7,0,1
325,29,0,5,0,4,7,2,7,2,1,39,2,1,2,3,1,13,0,10,2,2,7,7,7,7,1,0
326,28,1,5,2,4,12,2,1,2,3,84,2,1,0,2,0,11,1,5,2,1,3,2,1,2,0,1
327,25,0,3,2,4,12,2,1,2,3,40,2,1,1,1,0,18,3,2,3,1,2,2,2,1,0,1
328,32,1,3,1,5,13,2,8,2,2,56,3,2,3,1,0,15,2,10,4,3,10,7,0,8,0,1
329,45,0,3,2,4,8,1,25,2,1,83,2,4,1,3,0,22,2,22,4,2,0,0,0,0,0,2
330,39,0,3,0,4,8,2,13,3,2,94,1,4,1,6,1,13,3,21,4,2,19,9,9,2,0,1
331,53,1,1,0,4,12,2,23,3,0,88,2,1,2,1,0,12,3,2,3,2,2,2,2,2,0,0
332,32,1,1,1,4,9,2,7,1,3,79,2,2,2,1,0,18,0,10,3,2,10,4,1,1,1,1
333,36,0,5,1,4,5,2,10,3,3,63,2,3,2,3,0,12,0,10,0,2,7,7,1,7,0,1
334,46,0,1,2,3,6,2,1,1,3,44,2,1,0,6,0,12,2,10,3,3,7,6,5,7,0,1
335,28,0,1,1,4,9,0,1,2,2,55,0,2,3,0,0,11,0,10,5,2,9,8,7,5,0,1
336,50,0,1,1,4,9,2,26,2,3,43,2,4,0,4,1,11,1,25,2,2,3,2,1,2,0,1
337,40,1,2,2,5,13,2,25,3,3,57,1,3,1,2,1,12,2,9,2,2,5,4,1,0,1,1
338,52,1,1,2,5,13,2,5,2,1,64,2,3,1,8,1,19,2,10,2,1,8,7,7,7,1,0
339,31,0,1,0,5,13,0,2,3,3,57,2,3,2,1,1,19,0,10,5,1,10,8,9,6,0,1
340,41,1,3,2,5,13,0,10,1,2,40,0,2,1,1,0,13,0,19,4,2,19,2,9,9,0,1
341,53,0,3,1,4,8,2,2,1,3,58,0,4,2,4,0,14,3,23,5,2,19,9,9,10,0,1
342,53,1,1,2,3,8,2,8,3,3,96,2,4,1,6,0,14,0,26,4,2,7,3,7,7,0,1
343,40,1,1,0,4,12,0,16,1,2,74,2,1,2,8,0,16,1,6,0,2,4,2,0,0,0,1
344,34,1,1,0,4,5,2,9,2,3,86,2,3,3,0,0,11,3,10,0,1,9,7,1,6,0,1
345,41,0,2,0,5,13,1,1,2,2,66,2,2,0,0,0,17,3,10,2,2,9,3,1,7,0,1
346,35,1,1,2,4,12,1,4,3,2,87,2,2,2,1,1,11,1,9,3,2,9,6,1,1,0,1
347,51,1,1,0,3,8,2,5,2,2,84,2,4,1,1,1,11,1,26,2,2,20,9,0,10,0,1
348,38,0,1,0,5,13,2,2,1,1,31,2,2,0,3,0,15,3,11,3,2,7,7,1,7,0,0
349,34,0,3,2,5,13,2,15,1,2,66,2,2,0,1,0,12,3,10,5,3,10,8,9,6,0,1
350,25,1,3,1,4,7,2,19,0,3,67,2,1,3,3,0,11,2,7,5,1,3,2,1,2,0,1
351,53,0,3,1,4,10,2,7,3,2,53,1,3,0,7,1,14,3,26,0,1,10,9,5,9,1,1
352,40,1,1,1,4,7,2,1,3,1,88,2,1,1,3,0,22,2,7,3,2,4,2,0,3,0,1
353,36,0,2,1,5,13,1,7,2,0,83,3,2,0,2,0,16,3,17,2,1,15,7,6,10,0,0
354,48,1,1,2,4,10,2,4,2,3,54,2,3,3,1,0,11,2,11,2,2,10,9,0,8,0,1
355,27,0,3,1,5,14,2,11,2,2,96,3,1,3,8,0,14,1,5,4,2,1,0,0,0,0,1
356,51,0,5,2,4,9,2,11,1,3,82,1,4,1,3,0,16,1,26,1,1,5,2,0,3,0,1
357,18,0,1,2,4,9,0,1,2,3,96,2,1,3,1,0,15,2,0,5,3,0,0,0,0,0,2
358,35,0,3,1,4,7,2,1,2,3,60,1,2,3,0,0,12,1,10,0,2,9,7,0,0,0,1
359,27,1,1,2,5,13,1,2,0,3,43,0,2,3,3,0,20,1,8,3,2,6,2,0,0,0,2
360,53,1,2,2,5,13,2,13,3,0,85,3,4,2,6,1,17,2,24,2,1,19,7,3,8,1,0
361,53,1,1,1,4,9,2,23,2,3,68,2,4,1,4,1,12,0,26,0,2,19,10,9,9,0,1
362,34,0,5,0,4,12,0,26,0,0,92,1,1,2,1,0,20,2,5,2,2,5,4,0,0,0,1
363,40,0,3,0,4,9,2,2,0,1,89,3,2,2,5,0,20,1,15,0,2,12,10,9,8,0,0
364,34,1,3,1,4,7,2,26,2,1,86,2,2,2,4,0,13,0,10,1,2,8,7,7,7,0,0
365,31,0,1,2,5,14,1,2,2,2,90,1,1,3,7,0,14,2,3,3,3,1,0,0,0,1,1
366,38,1,1,0,4,12,1,7,2,3,57,3,1,2,1,0,11,3,4,2,2,4,2,0,3,0,1
367,34,0,5,2,4,5,2,2,3,2,96,2,2,3,1,0,11,3,14,2,3,14,10,4,10,0,1
368,28,1,1,1,5,13,2,26,2,2,48,1,2,0,1,0,11,2,5,0,2,5,3,0,4,0,1
369,39,1,1,1,5,13,2,21,3,0,44,1,2,3,3,1,12,3,8,2,3,5,4,1,4,0,0
370,51,1,2,1,5,13,1,2,2,1,52,2,3,1,2,0,11,1,14,5,2,4,2,3,2,0,0
371,41,0,1,0,4,9,1,22,2,3,75,2,2,3,3,1,14,0,12,4,1,6,2,3,3,0,1
372,33,1,1,1,5,13,1,5,0,1,61,2,2,3,6,0,13,0,8,2,3,5,4,1,2,0,0
373,32,1,2,1,5,13,2,2,0,2,36,2,2,1,0,1,13,0,4,3,1,3,2,1,2,0,1
374,39,1,1,1,4,9,0,25,1,2,71,2,3,2,3,0,21,1,13,2,2,6,4,0,5,0,2
375,25,1,1,1,5,13,2,18,0,0,93,3,2,2,2,0,11,1,6,3,1,3,2,1,2,0,0
376,52,0,3,1,4,10,1,26,1,3,59,3,4,2,2,1,11,1,24,3,1,5,3,0,2,0,1
377,43,0,3,2,4,12,2,6,2,0,73,1,2,2,1,1,14,0,20,3,0,20,7,1,8,0,0
378,27,0,2,1,5,13,2,10,2,3,96,1,2,3,1,1,11,3,6,3,2,6,2,4,4,0,1
379,27,0,1,2,4,12,2,17,3,3,51,2,1,2,1,1,13,3,8,2,2,8,2,7,7,1,1
380,26,1,3,2,4,12,2,2,0,0,36,1,1,3,0,0,12,3,5,2,2,4,3,1,1,0,1
381,42,0,0,1,3,8,2,10,2,2,31,2,4,0,0,0,14,2,21,5,2,20,7,0,9,0,1
382,37,0,3,2,4,9,2,11,2,0,94,2,1,2,4,0,18,0,8,5,2,3,2,0,2,0,1
383,35,1,1,2,4,10,1,18,1,2,60,2,3,3,2,0,11,2,10,2,2,2,2,2,2,0,1
384,25,1,5,1,4,7,2,1,2,0,81,2,1,3,4,0,11,1,7,2,1,3,2,0,2,0,1
385,29,1,4,2,3,6,2,17,2,1,51,1,3,0,1,0,13,0,10,3,1,10,9,0,9,0,1
386,49,1,1,2,4,9,1,26,1,0,96,1,2,0,3,0,20,0,20,2,2,4,3,1,3,1,1
387,53,0,3,2,4,11,2,1,2,3,54,2,4,3,6,0,19,3,26,3,1,20,7,9,7,0,1
388,53,0,3,1,4,9,2,1,2,3,76,2,4,0,3,1,21,2,26,3,2,9,8,1,5,0,2
389,36,0,2,2,5,13,2,3,3,0,96,2,2,1,3,1,16,3,15,3,2,5,4,0,1,0,1
390,31,0,1,2,5,14,1,1,3,1,50,0,1,2,1,0,12,1,1,3,2,1,0,0,0,1,1
391,30,0,2,0,5,13,2,7,3,3,73,2,2,0,7,0,14,1,8,3,2,3,2,0,2,0,1
392,31,0,1,2,4,11,2,8,4,0,93,2,4,1,3,0,11,2,9,3,3,3,2,1,0,0,1
393,34,1,4,0,4,12,1,1,3,3,91,2,1,0,5,0,14,2,10,2,2,4,3,1,3,0,1
394,31,0,1,2,4,12,2,8,2,0,34,1,1,1,1,0,12,2,1,3,3,1,0,0,0,1,1
395,27,1,1,1,4,9,2,11,0,1,91,2,1,0,0,0,14,1,6,3,3,5,0,1,4,0,1
396,36,1,1,2,4,7,2,4,3,0,37,1,2,3,1,0,16,2,10,2,1,10,4,1,8,0,0
397,47,1,5,1,4,12,2,1,2,0,74,2,1,3,7,0,12,2,17,2,1,6,5,1,2,0,0
398,25,1,1,1,5,14,2,9,1,0,68,1,1,0,3,0,12,0,6,2,2,3,2,2,2,1,0
399,37,1,5,2,4,9,0,5,1,2,84,3,1,2,0,0,14,0,7,2,0,6,5,1,3,0,1
400,53,0,1,1,4,9,2,1,1,0,90,2,1,0,2,0,22,3,5,3,3,3,2,1,0,0,2
401,24,0,3,1,5,13,2,4,0,3,42,2,2,2,1,1,12,2,5,3,2,5,4,0,3,0,1
402,34,0,1,1,4,7,2,1,2,3,86,1,1,1,5,0,17,0,7,2,1,5,4,0,2,0,1
403,41,1,3,1,4,9,2,5,4,1,90,3,1,2,2,1,12,0,7,5,1,4,2,0,3,0,1
404,40,1,4,0,4,7,0,9,3,2,81,2,2,2,3,0,11,2,11,2,3,8,7,0,7,0,1
405,31,1,1,0,5,13,2,8,1,0,31,2,3,3,1,0,18,0,13,5,2,13,7,9,9,0,0
406,39,0,1,2,4,7,0,2,2,0,54,1,1,0,2,1,22,1,11,2,3,1,0,0,0,1,2
407,31,0,1,2,4,9,1,1,4,2,96,3,3,1,1,0,11,0,10,2,2,10,8,4,7,1,1
408,45,1,3,0,4,9,2,20,2,1,95,0,3,0,2,1,18,1,24,2,2,7,7,0,7,0,1
409,31,0,3,2,3,6,2,8,1,3,96,3,1,1,8,0,18,3,8,3,2,3,2,0,2,0,1
410,45,1,5,1,4,9,2,26,2,1,55,2,3,3,4,1,18,3,10,4,3,3,1,1,2,0,1
411,34,0,5,1,3,6,2,9,3,0,52,2,1,2,1,0,15,3,2,0,2,2,2,2,2,1,0
412,40,1,3,0,4,11,0,8,0,3,55,1,3,1,2,0,11,2,16,5,2,9,8,4,8,0,1
413,44,1,1,2,4,7,0,5,2,2,90,1,1,2,3,0,14,3,7,5,2,5,2,0,3,0,1
414,49,1,5,1,4,9,2,5,3,0,96,2,2,2,2,0,14,1,20,0,1,3,2,1,2,0,0
415,40,1,3,0,4,12,2,2,2,2,68,2,1,2,2,0,14,2,8,3,3,3,1,1,2,0,2
416,44,1,1,2,4,9,2,20,2,3,49,2,1,1,1,0,13,2,6,3,1,5,2,1,3,0,1
417,33,1,3,1,5,13,1,7,2,3,54,2,2,0,0,0,14,0,5,2,2,4,3,0,3,0,1
418,34,1,4,2,5,13,2,3,2,3,81,0,2,0,3,0,18,3,15,2,2,13,9,3,10,0,1
419,30,1,1,1,5,13,2,16,0,3,96,2,2,2,8,0,15,2,4,2,1,2,1,2,2,0,1
420,42,0,3,2,4,7,1,9,1,0,74,2,1,3,1,0,13,2,12,3,2,12,9,5,8,0,0
421,44,0,2,1,5,13,1,1,4,0,79,2,2,2,7,0,12,2,11,4,1,1,0,0,0,0,1
422,30,1,5,0,4,12,0,7,2,2,64,2,1,2,1,0,13,1,1,2,1,1,0,0,0,0,1
423,53,1,1,1,4,12,2,1,1,1,93,3,2,2,0,0,22,0,13,2,1,12,9,2,8,0,0
424,49,1,1,0,4,9,2,7,3,2,35,2,3,1,3,0,14,1,26,3,2,8,7,0,7,0,1
425,34,1,3,0,4,11,1,15,2,1,71,2,4,0,7,0,14,3,16,3,1,14,8,6,9,0,0
426,28,1,5,1,5,14,1,1,2,0,92,2,1,2,3,0,15,3,5,3,3,3,2,1,2,1,0
427,34,0,3,2,5,13,2,24,3,0,40,1,2,1,0,1,22,2,16,2,3,15,9,9,10,1,0
428,35,1,1,1,5,14,2,7,0,3,76,2,1,2,1,0,13,0,1,3,2,1,0,0,0,0,1
429,24,0,1,1,5,14,0,13,1,3,78,2,1,1,1,0,13,2,1,2,2,1,0,0,0,0,1
430,44,1,3,2,4,9,1,2,0,1,86,2,3,2,5,1,18,1,16,2,1,2,2,2,2,0,0
431,29,1,1,0,5,13,2,19,2,2,77,1,2,2,1,0,14,2,10,3,2,10,7,0,4,0,1
432,53,1,1,1,4,9,2,4,3,3,30,2,2,2,0,1,16,1,4,2,2,3,2,1,2,0,1
433,33,0,3,1,4,9,2,4,3,0,82,1,1,1,8,0,11,3,8,5,2,5,4,0,2,0,1
434,47,0,3,1,5,13,2,14,2,2,78,2,2,2,3,1,17,2,11,4,1,5,4,1,2,0,1
435,28,1,3,2,4,7,1,2,1,2,38,1,1,0,7,0,11,2,8,2,1,0,0,0,0,1,1
436,28,1,1,0,4,9,2,1,2,0,72,1,1,2,1,0,14,3,1,2,0,1,0,0,0,0,1
437,28,1,1,2,5,13,1,7,2,2,55,2,2,0,0,0,14,3,5,5,2,4,2,1,3,0,1
438,49,0,3,1,4,7,2,3,1,2,43,1,2,0,4,0,22,0,10,3,2,3,2,1,2,0,2
439,29,0,1,1,4,7,1,2,0,3,96,2,1,1,0,0,13,2,4,3,2,3,2,0,2,0,1
440,28,1,1,1,4,9,2,26,0,2,96,0,2,1,1,0,14,1,8,2,1,8,6,1,7,0,1
441,33,1,1,2,4,5,2,8,4,3,69,2,2,2,2,1,17,0,14,5,2,0,0,0,0,0,1
442,32,1,3,2,4,8,2,10,2,2,64,2,3,3,2,0,22,1,10,5,3,5,2,0,0,0,1
443,53,0,3,0,4,9,1,11,3,1,87,2,4,3,3,0,20,0,26,2,2,14,9,1,10,0,0
444,29,1,5,2,4,12,2,1,3,0,96,1,1,0,6,0,13,2,11,2,0,9,7,0,7,1,1
445,46,0,1,1,5,8,2,3,2,2,51,2,4,1,8,0,12,3,23,2,3,13,10,5,1,0,1
446,35,0,1,2,4,9,2,16,2,3,91,1,3,1,1,0,19,3,11,3,0,11,8,3,3,0,1
447,23,1,1,2,4,7,2,20,0,0,96,2,2,2,0,0,14,1,5,2,2,4,3,1,2,0,0
448,40,1,1,2,4,7,2,9,3,3,86,2,1,0,3,0,14,1,15,3,0,5,4,1,0,1,1
449,34,1,5,1,5,13,2,1,2,3,64,1,3,2,1,1,14,3,10,3,2,10,9,8,6,0,1
450,50,1,3,2,4,11,1,22,4,2,88,0,4,3,1,1,13,3,26,2,2,20,6,9,9,0,1
451,42,1,3,1,4,9,2,2,2,2,68,1,1,1,4,0,14,1,4,3,2,1,0,0,0,0,1
452,37,1,3,1,4,12,2,13,2,0,47,2,2,3,1,0,17,0,10,2,2,10,8,3,7,0,0
453,29,0,4,1,4,5,2,8,0,2,39,0,2,0,3,0,13,2,9,3,2,7,7,0,7,0,1
454,33,1,1,2,4,10,2,25,2,3,44,1,2,1,1,0,13,3,5,2,2,5,3,0,2,0,1
455,45,1,5,1,4,12,2,26,2,3,96,2,1,3,4,0,20,3,8,3,2,5,4,0,3,0,2
456,42,1,1,1,4,5,1,2,2,3,40,2,3,3,2,1,14,2,24,3,0,20,8,9,9,0,1
457,40,1,3,1,5,13,2,9,1,0,47,2,2,0,0,0,12,3,9,5,3,8,4,7,1,0,0
458,33,1,1,1,4,7,2,26,3,1,79,2,2,2,1,1,12,1,15,3,2,15,10,5,7,0,0
459,40,1,3,2,3,8,2,6,1,2,38,2,4,3,1,1,21,3,21,2,2,20,7,7,7,0,2
460,24,1,5,0,4,7,2,21,1,2,57,1,1,0,0,0,14,1,2,3,2,1,1,0,0,0,1
461,40,1,1,0,4,9,0,8,1,3,72,2,2,3,3,1,18,2,8,2,2,2,2,2,2,0,1
462,45,1,5,0,4,5,2,1,3,0,66,2,3,1,1,0,12,0,10,4,2,10,8,7,7,0,0
463,35,0,1,1,5,14,2,26,3,1,96,1,1,2,0,0,22,0,6,5,2,5,3,4,2,0,0
464,36,1,1,2,5,14,2,2,3,2,70,2,1,3,3,1,21,3,7,3,1,3,2,1,2,0,2
465,48,0,1,0,5,13,2,16,3,2,96,2,2,2,8,0,14,2,18,2,2,8,7,7,7,0,1
466,33,1,1,1,5,13,2,8,3,0,46,2,2,0,2,0,13,3,8,5,0,2,2,2,2,0,0
467,30,1,1,1,5,13,2,1,2,1,64,1,2,0,1,0,11,3,10,4,2,10,8,6,7,1,0
468,38,1,0,1,3,6,1,10,3,2,71,2,2,2,3,0,11,2,10,2,2,6,3,1,2,0,1
469,30,1,5,1,5,13,2,26,3,2,33,2,3,1,3,0,12,1,9,3,2,4,2,1,3,0,1
470,35,0,1,0,4,7,2,2,2,0,69,2,1,0,1,1,12,3,1,2,2,1,0,0,0,1,1
471,53,0,5,1,4,10,2,2,4,2,78,1,3,3,0,0,16,1,26,4,2,20,7,1,9,1,1
472,38,1,3,1,4,10,2,2,2,2,81,2,2,1,4,0,11,0,7,2,2,5,2,1,4,1,1
473,48,0,4,1,4,9,2,15,3,2,65,2,1,0,8,0,12,3,10,3,1,8,2,7,6,0,1
474,34,1,3,2,4,12,2,7,3,0,35,2,1,3,1,0,13,2,1,4,0,1,0,0,0,0,1
475,53,1,2,1,5,8,2,26,4,2,60,1,4,3,1,0,21,2,26,3,2,20,6,2,10,0,2
476,34,1,1,1,4,9,2,1,3,1,45,2,2,3,8,0,17,1,9,3,1,2,2,2,1,0,0
477,38,1,1,1,5,13,2,14,2,2,80,2,2,1,0,0,11,3,10,3,2,9,8,7,7,0,1
478,36,0,1,2,5,13,2,1,3,1,73,2,2,2,6,0,13,0,15,5,2,1,0,0,0,0,1
479,29,1,3,2,4,9,2,3,0,1,87,2,1,0,1,1,18,3,10,3,2,10,9,1,5,0,0
480,35,0,3,2,4,5,2,10,3,0,51,2,2,2,3,1,16,2,10,4,2,5,2,0,4,0,1
481,39,1,3,1,5,13,2,6,2,3,38,3,3,2,2,0,11,0,11,3,2,7,6,7,6,0,1
482,29,1,1,0,2,4,1,2,0,0,87,2,2,3,1,0,19,3,6,0,3,6,4,1,3,0,0
483,50,1,2,1,5,8,2,9,2,2,59,2,4,2,4,1,16,2,26,2,2,1,0,0,0,0,1
484,23,1,5,1,2,4,2,10,2,3,45,3,1,2,2,0,16,3,4,2,2,2,2,2,2,0,1
485,35,1,1,1,2,4,2,26,2,1,46,3,2,2,1,0,17,3,10,3,1,10,9,6,8,0,0
486,34,1,5,1,2,4,1,10,3,3,92,1,2,2,1,0,14,1,8,3,1,8,2,7,7,0,1
487,43,1,5,0,2,4,2,26,2,3,87,3,1,1,5,0,12,2,8,0,2,6,4,0,2,0,1
488,28,1,3,1,2,4,2,24,2,2,51,2,1,1,1,1,17,2,1,3,2,1,1,0,0,1,1
489,22,0,4,1,2,4,0,26,1,1,85,1,1,2,1,1,14,1,4,2,1,4,2,1,3,0,0
490,50,1,3,1,2,4,1,20,4,1,41,2,4,2,2,1,15,2,26,3,2,20,8,9,10,0,0
491,32,0,4,1,2,4,2,5,3,1,35,3,1,3,3,0,17,3,6,3,2,3,2,0,2,0,1
492,44,0,3,0,2,4,2,7,2,1,31,2,4,3,0,1,14,3,23,4,1,20,7,1,10,0,0
493,30,1,3,1,2,4,2,7,2,1,48,1,1,1,1,0,12,1,6,3,1,6,4,1,1,0,0
494,45,0,3,2,2,4,2,5,4,2,50,0,2,0,1,1,14,0,10,3,2,10,7,1,4,0,1
495,45,1,2,1,5,13,0,26,2,0,52,1,2,0,1,0,15,0,10,2,2,10,7,4,5,0,0
496,31,1,4,2,5,13,1,2,3,3,54,2,2,0,7,0,13,3,10,3,2,5,2,0,3,0,1
497,36,0,1,1,2,4,2,12,3,2,76,2,2,2,8,1,12,1,7,2,2,3,2,1,1,0,1
498,34,1,1,0,2,4,1,10,3,2,42,3,2,3,1,0,13,0,9,3,2,9,7,7,2,0,1
499,49,0,1,1,2,4,2,25,3,2,84,2,1,0,1,0,14,3,10,3,1,9,6,1,4,0,1
500,27,1,4,0,2,4,2,19,2,3,67,1,1,0,1,0,11,0,7,3,2,7,7,0,7,0,1
501,35,1,1,1,2,4,2,18,4,1,48,3,2,0,1,0,11,3,16,2,2,16,10,1,10,0,0
502,28,0,3,0,2,4,2,26,2,1,39,0,2,0,0,0,21,1,6,5,1,5,3,0,0,0,1
503,21,1,3,2,2,4,2,5,0,2,96,2,1,3,1,0,18,2,3,2,2,2,2,2,2,0,1
504,18,0,3,2,5,14,1,3,1,1,70,2,1,3,1,1,12,2,0,2,3,0,0,0,0,1,1
505,47,0,1,1,3,8,2,26,3,3,96,2,4,2,3,0,11,2,26,2,2,5,2,1,0,0,1
506,39,1,3,0,2,4,2,3,1,2,76,1,2,2,0,0,15,3,11,3,2,10,8,0,7,0,1
507,35,0,1,1,2,4,0,8,3,2,52,2,2,2,1,0,12,3,15,5,2,14,10,2,9,0,1
508,37,1,1,1,2,4,2,19,2,2,85,2,2,2,3,0,17,0,9,2,1,4,3,0,2,0,1
509,39,0,3,2,2,4,1,4,2,0,81,2,2,2,0,0,13,3,10,2,0,9,2,3,8,0,0
510,38,0,3,1,2,4,2,2,1,3,54,1,3,2,3,1,19,3,10,5,3,5,4,0,2,0,1
511,37,0,3,1,2,4,2,10,2,1,71,2,1,1,1,0,11,0,8,2,0,8,4,7,7,0,0
512,40,0,1,2,2,4,2,16,2,2,84,2,3,3,6,1,15,3,18,2,1,4,2,3,3,0,1
513,44,1,0,1,3,6,1,1,4,0,37,2,2,3,4,1,11,2,14,3,2,10,7,0,2,0,1
514,35,1,3,0,5,13,2,15,1,0,59,0,2,3,6,1,14,3,7,2,1,2,2,2,2,1,0
515,24,0,5,2,2,4,1,2,0,0,32,2,1,3,1,1,13,2,6,2,2,6,3,1,3,0,0
516,27,0,3,1,2,4,2,8,2,1,86,3,1,2,7,0,17,0,5,0,2,3,2,0,2,0,1
517,27,1,3,2,2,4,1,2,2,3,87,2,1,3,2,0,13,2,6,0,1,4,2,1,2,0,1
518,25,1,1,0,2,4,1,2,0,3,77,3,2,2,1,0,17,2,7,5,2,7,7,0,7,0,1
519,39,1,3,1,2,4,2,12,2,3,66,2,2,1,4,0,21,2,7,3,2,5,4,1,0,0,2
520,49,0,4,1,2,4,2,22,3,0,72,2,4,1,3,0,16,1,26,2,2,4,2,1,2,0,0
521,50,0,1,0,2,4,2,17,4,3,50,1,3,0,5,0,15,2,19,3,2,14,10,1,10,0,1
522,20,0,3,2,5,14,2,2,2,2,31,2,1,2,1,0,19,0,2,3,2,2,2,2,2,0,1
523,34,0,1,0,2,4,2,3,2,3,66,2,2,1,1,0,12,2,11,2,2,11,8,7,9,0,1
524,36,1,1,2,2,4,2,7,2,0,77,2,1,1,2,0,11,2,15,4,2,4,3,1,3,0,0
525,49,0,1,1,2,4,2,6,0,2,41,1,4,2,2,1,19,1,26,3,2,15,10,2,10,0,1
526,36,0,3,1,2,4,0,1,3,3,33,1,2,2,0,0,15,2,4,5,2,3,2,1,2,0,1
527,36,1,1,0,2,4,2,3,1,3,79,3,2,0,6,0,20,0,13,3,2,5,4,0,4,0,2
528,53,0,3,1,2,4,2,22,4,1,91,2,4,2,3,0,22,2,26,5,2,10,8,4,7,0,0
529,43,1,1,1,2,4,2,15,1,2,65,1,4,2,1,0,22,0,14,3,2,14,10,6,10,0,2
530,35,1,4,2,5,13,1,12,3,3,36,2,2,3,3,1,22,0,13,2,3,11,9,6,7,1,2
531,29,1,3,0,5,13,2,5,2,0,43,1,2,1,1,1,13,1,10,3,1,10,0,0,9,0,1
532,33,1,3,0,5,13,2,2,3,3,93,2,2,3,1,0,14,2,6,5,2,6,2,0,4,0,1
533,32,1,3,0,2,4,2,2,2,3,45,2,2,1,0,0,13,2,10,4,1,9,5,1,6,0,1
534,31,0,1,1,5,13,2,5,3,0,67,2,2,3,1,0,11,0,10,2,2,10,0,0,2,0,1
535,49,0,3,0,2,4,2,16,2,3,74,2,1,0,4,1,16,1,17,2,1,2,2,2,2,0,1
536,20,1,1,2,5,14,2,9,0,3,54,2,1,0,1,0,11,0,2,3,2,2,2,0,2,0,1
537,33,0,1,0,5,13,0,16,2,2,36,2,2,3,1,1,22,2,7,2,2,6,5,1,2,0,2
538,36,1,1,1,2,4,2,26,3,0,80,2,2,2,6,0,14,1,10,2,1,3,2,0,2,0,1
539,44,0,1,0,3,6,2,1,2,2,44,2,1,3,4,1,18,0,8,2,2,2,2,2,2,0,1
540,23,1,3,2,2,4,2,8,0,3,93,1,1,2,1,1,11,0,5,2,2,5,4,1,2,1,1
541,38,0,3,1,2,4,2,4,1,3,87,2,1,2,7,0,19,3,7,5,1,0,0,0,0,0,1
542,53,1,3,1,2,4,2,24,3,1,48,3,3,3,3,0,15,2,11,2,2,4,3,1,2,0,0
543,48,0,3,1,5,14,1,7,1,3,95,2,1,2,2,1,11,2,19,3,2,9,7,7,7,1,1
544,32,1,1,2,2,4,2,2,3,3,95,2,1,1,1,0,12,0,1,2,2,1,0,0,0,1,1
545,26,1,3,2,2,4,0,7,2,3,76,2,1,3,1,0,20,2,7,5,2,7,7,5,7,0,2
546,53,1,5,0,2,4,2,22,2,0,94,1,1,1,5,0,12,3,8,1,2,4,2,1,2,0,0
547,34,1,3,1,4,9,2,5,1,1,57,1,2,3,1,0,14,2,15,3,3,15,10,4,10,0,0
548,53,1,3,0,4,5,2,1,3,2,92,0,3,3,3,0,20,2,19,2,3,1,0,0,0,0,2
549,37,1,3,0,5,13,1,1,3,2,31,0,2,3,1,0,14,2,6,2,1,6,3,1,3,0,1
550,34,0,1,1,4,12,2,19,2,1,35,1,1,3,1,0,12,1,10,3,2,10,9,8,7,0,0
551,44,0,1,1,4,5,2,2,2,2,96,3,3,3,1,1,19,1,9,2,2,8,7,6,7,0,1
552,43,1,3,1,5,13,2,2,2,3,73,2,2,3,1,1,17,0,10,3,2,10,9,8,8,0,1
553,29,0,3,1,4,9,2,9,3,3,43,2,1,2,8,0,17,2,9,2,2,5,3,1,2,0,1
554,36,0,1,2,5,14,2,2,3,2,51,2,2,3,3,0,15,2,17,2,1,13,7,6,7,0,1
555,45,1,1,1,4,9,0,1,0,2,74,1,3,2,3,0,22,3,25,3,1,20,10,9,4,0,2
556,26,1,3,1,4,7,2,17,3,3,62,0,1,2,1,0,15,2,3,3,3,3,2,0,2,0,1
557,45,0,5,2,4,9,2,26,1,3,48,1,4,1,1,0,11,2,21,2,2,20,6,8,6,0,1
558,31,1,1,1,4,7,2,2,3,1,69,2,1,2,1,0,14,3,6,2,3,5,2,0,3,0,1
559,41,1,0,1,3,6,0,4,2,2,60,0,2,1,6,0,19,1,10,4,2,3,2,1,2,0,1
560,40,0,1,1,4,10,2,8,1,1,92,2,2,0,2,1,16,1,18,3,2,1,0,0,0,0,1
561,24,1,3,0,4,7,2,26,0,1,91,2,1,0,1,0,13,1,6,2,3,6,2,1,2,0,0
562,46,1,1,2,4,5,2,13,3,2,34,2,2,1,6,0,14,3,19,3,2,10,7,0,9,0,1
563,30,1,1,1,4,12,2,16,0,1,33,2,1,3,1,0,12,1,10,2,1,10,0,0,8,0,1
564,47,1,2,1,5,13,0,2,3,2,87,2,2,1,7,0,11,3,4,3,0,1,0,0,0,0,1
565,46,1,1,0,5,13,2,2,2,2,74,2,3,3,4,1,12,1,13,5,1,10,6,0,3,0,1
566,36,1,2,0,5,13,2,13,4,1,96,1,2,0,5,1,13,1,16,3,2,2,2,2,2,1,0
567,32,1,1,2,5,13,2,1,1,0,34,0,2,1,6,0,15,1,10,2,2,0,0,0,0,1,1
568,31,0,5,2,4,10,1,24,0,3,30,2,2,3,2,0,20,3,9,3,1,5,4,1,4,0,2
569,39,1,1,1,4,7,0,1,2,3,77,2,2,3,1,1,15,3,9,2,2,9,8,5,8,0,1
570,32,1,1,1,5,13,2,19,2,3,80,0,3,2,3,0,13,2,10,2,0,4,3,0,2,0,1
571,40,1,3,2,5,8,2,7,3,1,88,2,4,1,1,0,14,1,21,3,1,20,8,9,8,0,0
572,45,0,1,1,3,6,2,4,2,2,56,0,3,2,4,0,21,2,9,2,3,5,0,0,3,0,2
573,30,0,5,2,4,9,1,2,3,3,78,1,1,0,0,0,16,3,10,2,2,9,7,0,7,0,1
574,24,1,3,1,3,6,1,10,2,0,59,2,1,3,0,0,14,3,3,2,2,2,2,2,1,0,0
575,30,0,0,0,3,6,1,8,2,2,66,1,1,3,6,0,11,2,6,0,1,4,2,1,2,1,1
576,31,1,5,1,5,13,2,5,2,0,51,2,2,2,1,0,19,2,6,3,2,5,2,0,2,0,2
577,27,0,3,2,4,9,2,8,2,2,67,2,1,3,1,0,11,2,6,5,1,6,2,1,4,0,1
578,29,0,2,2,5,14,2,9,2,1,52,0,1,1,1,0,13,2,2,3,2,2,2,2,2,1,0
579,29,1,1,2,4,5,1,1,2,3,70,3,2,2,8,1,12,3,10,5,3,3,2,0,2,0,1
580,30,1,2,0,5,13,2,15,1,2,94,1,3,0,2,0,11,0,12,2,2,7,7,1,7,0,1
581,34,1,3,1,4,12,2,2,3,3,96,3,1,3,0,1,14,0,6,3,2,5,0,1,2,0,1
582,33,0,2,2,5,13,0,2,2,3,62,2,2,1,8,0,15,3,13,2,1,11,7,1,7,0,1
583,49,0,2,2,5,13,2,11,3,3,80,2,2,3,3,0,12,2,8,1,3,5,1,0,4,0,1
584,33,0,1,2,5,13,2,16,2,0,74,2,3,0,2,1,20,2,11,2,1,0,0,0,0,1,2
585,38,0,3,1,4,7,1,2,1,2,75,1,1,1,4,0,14,1,9,4,1,6,1,0,5,0,1
586,32,1,5,2,4,12,0,5,3,1,65,2,1,1,2,0,14,1,12,3,2,7,7,0,7,0,1
587,38,1,3,1,4,5,2,18,2,1,60,0,2,3,3,1,16,2,15,2,2,1,0,1,0,0,1
588,43,1,5,1,4,12,1,17,2,2,38,1,1,2,8,1,16,3,6,4,2,1,0,0,0,1,1
589,53,1,3,1,4,11,2,2,2,2,60,1,4,0,8,0,12,1,26,2,2,1,0,0,0,0,1
590,33,1,5,0,4,12,0,4,2,3,90,2,2,1,5,0,15,3,11,2,1,9,8,1,7,0,1
591,41,1,1,0,4,7,2,9,3,2,94,2,1,0,1,0,20,1,5,2,2,5,3,0,4,0,2
592,34,1,1,0,5,13,0,10,2,3,87,2,2,2,1,1,14,2,15,3,2,15,10,0,7,0,1
593,53,0,3,1,4,10,0,1,3,0,60,1,4,2,4,1,20,3,26,2,1,3,2,0,2,0,1
594,43,1,1,2,3,6,2,2,2,1,96,2,1,3,0,0,13,1,10,5,2,9,7,1,8,0,0
595,34,0,1,2,5,13,2,3,1,3,32,0,2,3,5,0,12,0,6,3,2,2,2,2,2,0,1
596,21,1,2,2,5,14,2,7,0,1,31,2,1,1,1,0,13,1,1,3,2,1,0,1,0,1,1
597,38,0,4,1,4,9,2,6,1,3,40,1,1,2,1,0,11,1,5,3,2,5,4,0,4,0,1
598,22,0,3,1,4,9,2,8,0,2,79,2,1,0,1,1,17,2,1,5,2,1,0,0,0,1,1
599,31,0,2,1,5,13,2,26,3,0,91,1,2,3,1,0,14,0,13,3,2,12,7,5,7,0,0
600,46,1,3,0,4,11,2,2,3,2,46,2,4,3,7,1,17,2,24,3,2,2,1,2,2,0,1
601,36,1,1,1,4,9,2,10,2,3,90,2,3,0,7,1,13,3,15,1,2,12,8,5,7,0,1
602,44,1,3,0,4,12,1,1,1,2,96,2,1,1,1,1,12,2,6,2,1,5,3,2,3,1,1
603,37,1,4,0,3,6,2,8,1,2,89,2,2,1,2,0,13,2,19,4,1,10,0,4,7,0,1
604,33,1,1,1,4,12,2,8,3,3,90,3,1,0,6,0,19,1,14,1,2,10,8,7,6,0,1
605,46,1,1,2,5,13,0,26,1,1,96,1,2,1,8,0,15,2,6,3,2,2,2,2,2,0,0
606,40,0,1,1,4,7,2,2,1,2,96,2,1,0,4,0,17,3,7,5,1,4,3,0,2,0,1
607,35,1,3,0,4,9,0,2,1,1,90,2,2,3,2,0,14,2,15,5,2,7,7,1,7,0,0
608,38,1,0,0,3,6,0,2,2,0,96,2,1,1,5,0,13,3,13,3,2,11,10,3,8,0,0
609,34,1,1,1,4,7,1,9,3,3,93,2,2,0,4,0,17,2,11,3,1,7,1,0,7,1,1
610,39,1,1,0,5,13,1,20,2,2,83,2,2,3,2,0,18,3,7,5,2,2,1,2,2,0,1
611,43,1,1,2,4,12,0,9,2,0,52,2,1,2,4,0,13,2,7,2,1,3,2,1,2,0,0
612,41,1,1,2,4,5,2,5,2,1,85,3,2,1,3,0,12,0,11,3,0,3,2,1,2,0,0
613,41,0,2,0,5,13,2,4,0,2,81,2,3,2,0,1,13,3,23,3,3,20,10,9,5,0,1
614,34,1,5,1,5,13,2,8,1,1,92,3,2,2,1,0,21,2,10,5,2,10,8,4,8,0,0
615,53,1,3,0,5,8,0,2,2,1,52,2,4,1,4,0,22,3,26,0,1,16,9,9,10,0,0
616,35,1,3,1,4,7,2,23,3,1,91,0,1,2,0,0,16,1,6,2,3,5,4,0,3,0,1
617,47,0,1,0,4,9,2,4,2,2,92,1,3,1,8,1,12,2,26,4,2,20,10,9,10,0,1
618,40,0,1,0,4,5,2,12,2,1,47,2,2,0,2,0,12,1,15,3,2,7,4,7,7,0,0
619,53,0,3,1,4,12,2,7,3,3,68,2,2,3,4,0,15,1,14,2,1,7,1,1,7,0,1
620,31,0,2,1,5,13,1,7,3,0,68,2,3,0,2,0,14,3,9,3,2,3,2,2,2,0,0
621,38,0,2,1,5,14,2,2,3,1,77,0,2,3,2,1,20,0,20,4,1,4,2,0,3,0,1
622,26,1,3,2,5,13,2,10,2,2,46,2,2,3,1,0,13,0,5,4,2,5,3,1,2,0,1
623,53,1,1,1,4,9,1,15,3,0,87,2,4,2,2,1,14,1,23,3,2,2,2,2,2,0,0
624,18,0,3,2,4,9,0,14,2,1,33,2,1,2,1,0,16,2,0,4,0,0,0,0,0,0,1
625,31,1,0,1,3,6,2,18,4,3,89,3,1,0,0,0,17,2,2,4,2,1,0,0,0,1,1
626,45,0,1,1,5,13,0,2,3,2,67,2,2,2,4,0,22,1,10,3,3,8,7,5,7,0,2
627,36,0,4,1,4,12,2,2,3,3,73,2,2,1,4,1,22,3,15,2,2,1,0,0,0,0,2
628,43,1,1,1,5,13,1,2,3,0,92,2,2,3,1,0,20,2,7,5,2,7,7,7,7,0,0
629,27,0,1,2,4,9,1,5,1,3,53,2,1,3,0,1,14,2,6,3,1,5,4,0,2,0,1
630,29,1,3,1,4,7,1,20,0,3,40,2,1,3,1,0,13,1,11,3,3,11,8,3,10,0,1
631,32,1,2,2,5,13,1,10,3,3,79,2,2,3,8,0,13,2,4,2,3,0,0,0,0,0,1
632,42,1,5,1,4,12,0,10,3,2,38,2,1,2,3,0,22,1,10,1,1,6,3,3,3,0,2
633,47,0,1,2,4,7,2,9,3,1,64,2,1,2,4,0,12,2,7,2,2,2,2,2,0,0,0
634,46,1,1,0,4,10,2,2,1,3,82,2,3,3,3,0,14,2,12,4,1,9,8,4,7,0,1
635,28,1,1,0,3,6,0,1,1,2,43,2,1,3,1,0,15,1,3,2,2,3,2,2,2,0,1
636,29,1,1,0,4,5,2,26,0,3,93,0,2,2,8,0,17,3,11,3,2,7,0,1,6,0,1
637,42,1,1,2,4,9,2,8,2,3,81,2,1,2,4,0,13,3,8,3,2,0,0,0,0,0,1
638,32,1,2,2,5,13,2,2,3,2,82,1,2,1,7,1,12,2,7,3,1,2,2,2,2,1,1
639,46,0,5,0,5,13,2,3,2,0,45,3,4,0,2,0,12,3,25,5,2,19,10,2,8,0,0
640,27,0,3,1,5,14,2,23,0,1,36,1,2,2,1,0,21,3,9,5,2,9,8,5,8,0,0
641,29,1,3,1,3,6,2,6,0,3,87,1,1,1,1,0,11,3,1,3,2,1,0,0,0,0,1
642,48,1,1,1,4,9,2,10,2,3,91,1,4,1,4,0,12,3,26,3,2,20,10,9,9,0,1
643,29,1,1,2,4,12,1,24,1,3,73,1,1,3,1,1,22,1,1,3,1,1,0,1,0,1,2
644,53,1,5,1,4,12,2,2,3,1,96,1,1,3,8,0,20,1,19,2,3,5,2,0,4,0,1
645,28,0,3,1,5,14,2,3,2,1,78,2,1,1,1,0,19,3,1,3,2,1,0,0,0,0,1
646,30,1,3,2,5,14,2,9,2,1,89,2,1,3,1,0,13,2,1,3,1,1,0,0,0,1,1
647,22,1,1,2,4,12,2,7,0,3,75,2,1,1,1,1,22,0,1,2,2,1,0,0,0,1,2
648,36,0,5,1,5,13,2,10,3,1,63,1,2,2,1,1,13,0,10,4,2,10,9,1,7,0,0
649,34,1,1,1,5,13,2,4,2,2,64,2,3,3,2,1,13,3,9,3,2,5,3,1,0,0,1
650,29,1,1,2,4,7,2,7,2,3,59,2,1,0,3,0,14,1,11,2,2,3,2,1,2,0,1
651,37,1,3,1,4,12,2,7,3,3,78,2,2,0,5,1,22,2,16,2,2,5,3,0,4,0,2
652,35,0,4,1,4,10,2,16,1,3,44,1,2,1,0,1,11,3,4,2,2,3,2,0,2,0,1
653,45,0,1,1,4,10,2,25,1,1,93,1,2,3,0,0,13,3,10,2,1,9,8,3,8,0,0
654,36,1,0,2,3,6,1,2,0,1,94,1,2,3,1,0,21,3,10,2,1,10,1,0,8,0,2
655,40,1,1,0,4,9,2,1,3,0,96,2,4,0,2,0,11,0,22,3,2,19,7,9,10,0,0
656,26,0,1,1,4,12,2,1,1,1,90,1,1,2,1,1,13,2,1,3,1,1,0,1,0,0,1
657,27,0,3,2,5,13,2,2,1,0,89,3,2,2,0,0,14,1,9,5,1,8,7,0,7,0,1
658,48,0,3,0,4,8,1,22,2,3,58,2,4,3,3,0,11,1,24,3,2,20,10,4,7,0,1
659,44,1,1,1,4,5,2,1,3,1,78,3,2,0,2,0,15,3,10,5,2,2,0,2,2,0,1
660,34,1,5,1,4,12,0,16,3,3,85,0,1,0,1,1,22,1,5,2,2,5,2,3,0,1,2
661,53,1,1,2,4,9,2,24,1,0,96,2,1,3,1,0,16,3,5,3,2,4,2,1,0,1,0
662,36,1,2,1,5,13,2,17,1,2,33,1,2,1,2,0,16,2,12,1,0,4,2,1,3,0,1
663,41,0,2,1,5,13,2,8,2,2,54,2,2,1,5,0,21,2,14,3,2,5,4,1,4,0,2
664,42,1,3,1,4,9,2,6,2,2,83,2,3,0,8,0,13,1,18,3,3,13,7,5,7,0,1
665,31,0,3,0,5,13,2,10,1,2,86,2,2,3,2,1,11,3,8,2,2,5,2,1,4,0,1
666,34,0,3,1,5,13,2,3,0,3,75,1,2,3,3,1,12,2,9,3,1,4,2,0,1,0,1
667,31,0,3,0,4,7,2,4,2,0,62,3,1,2,8,0,12,1,4,0,1,2,2,2,2,0,0
668,26,1,4,1,4,9,1,6,2,2,61,3,1,3,0,0,18,0,8,3,2,7,7,7,7,0,1
669,45,1,3,2,4,9,1,1,3,1,44,2,2,2,4,0,12,2,12,3,2,4,2,0,3,0,1
670,33,1,2,2,5,13,2,10,3,1,43,2,2,2,1,0,14,1,10,2,1,10,4,0,9,0,1
671,28,1,1,1,5,13,1,1,1,2,42,1,2,3,1,1,12,2,7,2,2,7,7,0,7,0,1
672,39,0,1,1,5,13,0,21,3,0,32,0,2,2,6,0,19,2,10,1,2,3,2,1,2,0,0
673,27,1,5,1,4,9,2,2,3,1,41,2,1,1,1,0,11,2,6,3,1,5,3,1,2,0,0
674,34,1,4,1,4,12,1,22,3,2,86,1,2,3,1,1,15,1,16,3,2,15,10,6,10,0,1
675,47,1,5,1,4,9,0,14,3,2,64,2,2,1,8,0,18,2,16,4,3,8,7,1,7,0,1
676,53,0,2,1,5,13,2,11,4,3,89,1,2,0,4,0,16,2,6,3,2,0,0,0,0,0,1
677,38,0,3,0,4,9,1,8,2,3,58,1,2,1,1,1,16,2,20,3,2,20,10,0,7,0,1
678,53,0,1,1,5,8,2,21,2,3,72,2,4,3,4,1,13,2,26,2,1,1,0,0,0,0,1
679,32,0,1,2,4,12,1,5,1,0,47,3,1,2,3,1,14,0,8,2,2,4,1,0,3,1,1
680,38,1,1,0,4,9,2,9,1,1,71,2,1,3,2,0,19,3,10,0,3,5,2,0,3,0,2
681,49,1,1,1,4,9,1,2,0,1,42,2,4,3,3,0,15,3,26,3,2,5,4,4,3,0,0
682,42,1,2,0,5,13,2,12,3,1,77,2,2,3,3,1,12,2,14,4,2,0,0,0,0,0,1
683,27,0,0,1,3,6,1,22,2,0,58,1,1,1,1,0,12,0,1,2,2,1,0,0,0,1,1
684,35,1,3,1,5,13,2,18,3,1,71,2,2,0,0,0,16,3,6,2,0,5,3,0,4,0,0
685,28,1,3,2,4,9,0,16,2,2,49,2,1,2,1,0,14,2,5,3,1,5,3,1,4,0,1
686,31,1,3,0,4,12,0,3,1,2,48,2,1,0,1,1,13,3,4,3,3,4,2,2,3,0,1
687,36,1,1,1,4,9,0,9,3,0,66,3,1,1,1,0,22,1,5,3,2,5,4,0,2,0,1
688,34,1,2,2,5,13,2,1,2,0,32,2,3,3,1,0,21,0,14,3,1,14,8,2,1,0,0
689,34,1,3,0,5,13,2,13,3,3,39,2,3,2,1,0,18,2,9,2,1,8,7,1,1,0,1
690,26,1,3,2,4,7,2,1,2,2,95,2,1,0,0,0,13,3,8,5,1,7,7,7,6,0,1
691,32,0,3,0,4,9,0,15,3,2,34,2,2,3,5,0,18,1,9,5,2,5,1,1,2,0,1
692,28,1,5,0,4,9,2,17,2,2,32,1,1,3,5,0,12,0,6,2,1,4,1,0,3,1,1
693,38,1,1,2,5,14,2,1,2,0,59,1,1,0,4,0,14,0,20,3,1,1,0,0,0,0,1
694,35,0,1,1,5,13,2,7,3,2,55,2,2,3,1,1,11,3,10,2,2,10,8,0,9,0,1
695,27,1,2,2,5,13,2,9,2,3,44,2,2,3,1,0,14,0,7,5,2,7,7,0,7,0,1
696,32,1,1,2,4,9,2,5,3,3,56,1,2,3,8,0,22,1,8,1,2,1,0,0,0,0,2
697,31,1,2,1,5,13,1,26,3,0,63,2,2,3,1,1,11,2,10,4,2,10,7,0,8,1,1
698,53,1,1,2,5,13,2,24,3,0,66,2,3,0,6,1,13,1,15,2,1,2,2,2,2,1,0
699,53,0,1,1,4,12,2,9,1,0,67,2,2,2,3,0,11,2,9,5,1,4,3,2,3,0,0
700,33,1,1,0,4,9,1,7,1,3,36,2,2,2,1,0,20,2,9,2,2,9,7,2,8,0,2
701,43,1,1,1,4,5,2,11,2,0,30,2,3,2,1,0,17,1,10,1,2,10,9,0,9,0,1
702,38,1,4,1,3,6,1,1,3,3,88,2,1,1,0,1,11,1,7,2,2,6,2,1,2,0,1
703,53,1,0,1,3,8,2,26,3,2,71,3,4,1,4,1,18,0,26,0,2,10,9,1,4,0,1
704,31,0,3,0,4,9,2,2,0,3,59,0,1,3,1,1,11,2,1,4,2,1,0,0,0,0,1
705,39,1,2,2,5,13,2,15,3,1,77,2,4,0,0,0,12,0,21,3,2,20,8,9,10,0,0
706,42,1,1,2,4,12,0,23,1,3,37,1,2,2,1,0,12,3,20,2,2,20,9,3,7,0,1
707,31,0,3,1,4,11,0,10,2,2,40,2,3,2,4,0,20,2,13,2,3,11,7,4,8,0,2
708,53,0,3,2,4,10,2,10,2,2,77,2,2,0,6,1,19,3,9,3,2,5,2,1,4,0,1
709,24,1,1,2,4,5,2,1,1,1,45,1,2,2,1,0,12,1,4,2,1,4,3,1,2,0,0
710,23,1,4,2,4,7,2,12,1,3,78,2,1,3,1,0,13,2,5,5,3,5,2,1,4,0,1
711,40,0,5,1,4,7,1,11,2,3,73,2,2,2,1,0,11,0,10,2,3,10,9,9,4,0,1
712,40,0,2,1,5,13,2,2,1,1,92,2,2,1,3,0,14,2,15,4,2,11,8,5,10,0,0
713,25,0,0,1,3,6,2,2,2,2,82,2,1,1,4,0,14,2,6,3,2,2,0,1,2,0,1
714,30,1,3,1,4,7,2,1,1,3,76,2,1,1,1,0,13,2,12,5,1,12,8,1,7,0,1
715,25,1,4,0,4,7,2,2,0,3,57,2,1,2,6,1,19,2,7,2,1,2,2,0,2,0,1
716,47,1,3,2,4,9,2,25,2,0,84,2,3,2,2,0,22,1,25,3,2,17,10,9,10,0,0
717,38,1,1,1,5,13,2,1,3,3,86,2,2,1,0,0,15,0,16,3,2,15,10,5,8,0,1
718,31,1,1,1,5,14,2,2,1,0,54,2,1,2,0,0,19,2,3,1,2,2,2,1,2,0,0
719,42,1,1,0,4,12,2,18,3,3,35,2,2,0,6,1,17,2,9,3,1,4,3,1,2,0,1
720,41,1,1,1,4,12,2,1,2,3,76,2,1,3,3,0,22,0,12,3,2,5,3,1,0,0,2
721,47,0,3,1,4,12,0,1,0,2,96,2,3,1,0,0,18,0,14,3,0,13,8,5,10,0,0
722,35,1,3,1,4,11,2,11,3,3,43,2,1,2,7,1,11,2,5,3,2,2,2,2,2,0,1
723,22,1,1,2,4,12,2,1,1,3,63,2,1,2,0,0,12,3,4,2,3,3,2,1,2,0,1
724,35,1,3,2,4,12,2,9,3,1,48,2,2,2,1,0,19,1,10,5,2,10,7,0,8,0,1
725,33,0,3,1,4,5,2,15,1,1,95,2,2,3,0,1,13,0,10,5,2,9,7,8,1,0,0
726,32,0,1,2,4,7,2,26,3,2,49,1,1,1,1,0,13,2,6,3,2,6,2,4,1,0,1
727,40,1,1,1,4,7,2,1,3,0,83,2,1,3,8,0,19,2,8,3,1,1,0,0,0,0,1
728,32,1,3,1,5,14,2,1,3,1,68,1,1,1,0,0,14,1,3,2,2,2,2,2,2,0,0
729,39,1,1,2,4,12,2,24,0,0,52,2,2,3,7,0,13,0,18,2,2,7,7,1,7,0,0
730,38,0,3,1,4,11,2,10,2,1,96,0,3,2,3,0,12,0,20,3,2,18,10,1,10,0,0
731,37,0,1,1,4,11,2,10,2,2,42,3,3,3,1,1,22,0,16,2,2,16,10,6,8,0,2
732,25,0,4,0,5,13,2,8,1,0,85,2,2,2,0,1,22,1,6,3,1,5,3,0,4,0,1
733,52,1,1,0,5,14,0,26,3,0,40,2,1,3,2,0,15,1,16,3,1,9,8,0,0,0,1
734,44,1,3,2,4,12,2,1,2,1,42,2,1,3,6,1,12,2,6,2,2,4,3,1,2,0,0
735,21,1,3,2,5,14,2,5,0,2,58,2,1,0,1,1,11,3,2,5,2,2,2,1,2,0,1
736,23,1,2,1,5,14,1,9,2,3,33,2,1,0,1,0,19,0,1,3,1,1,0,1,0,1,1
737,36,0,3,1,5,13,2,3,2,0,94,1,3,3,0,0,19,2,10,2,2,9,7,3,4,0,0
738,36,0,1,0,4,10,1,4,1,3,96,2,2,1,7,0,13,1,18,3,2,4,2,0,2,0,1
739,53,1,1,0,4,5,0,1,3,2,57,2,2,2,1,0,21,0,13,2,1,13,10,1,9,0,2
740,29,1,3,1,4,12,2,1,3,0,36,2,1,3,8,1,14,1,4,3,3,2,2,2,2,1,0
741,53,1,5,1,4,7,2,7,1,3,72,2,1,2,8,0,11,3,14,4,0,10,9,9,8,1,0
742,41,0,1,1,4,10,2,26,3,0,60,1,4,1,0,0,22,2,21,3,2,20,7,0,10,0,1
743,34,0,2,1,5,13,2,26,2,3,95,1,2,2,1,0,21,3,8,2,2,8,7,1,7,0,2
744,36,1,2,0,5,13,0,15,3,3,88,0,2,3,1,0,22,0,15,4,1,15,10,9,10,0,2
745,41,1,1,0,5,13,2,3,2,2,57,1,2,1,2,0,11,2,14,5,2,5,4,0,4,0,1
746,32,1,5,2,4,12,2,2,2,3,78,2,1,0,1,0,14,3,4,4,2,4,2,1,2,0,1
747,35,0,1,2,3,6,2,26,3,2,31,2,3,3,1,1,16,2,9,2,2,9,0,1,7,0,1
748,38,0,1,1,5,13,2,10,1,0,96,2,2,3,1,0,11,2,10,1,2,10,7,1,9,0,0
749,50,1,1,0,5,13,1,1,3,1,94,2,2,2,7,0,12,3,12,3,2,6,3,0,1,1,2
750,36,0,2,1,5,13,2,11,3,1,96,1,2,3,4,0,13,0,8,2,1,6,3,0,0,0,1
751,40,1,1,2,4,12,2,2,3,2,52,1,1,2,2,0,14,3,8,2,2,2,2,2,2,0,1
752,35,1,1,1,4,12,1,18,3,2,80,2,2,2,1,1,14,3,10,2,3,10,2,0,2,0,1
753,40,0,3,1,4,12,2,2,3,2,96,2,1,2,2,0,14,1,20,2,2,5,3,0,2,0,1
754,35,0,1,1,4,12,2,1,3,2,62,0,1,3,1,0,12,3,4,5,2,4,3,1,1,0,1
755,29,1,4,1,4,12,2,13,1,3,46,1,2,1,4,1,13,0,10,2,2,4,3,0,3,0,1
756,29,0,3,2,4,12,2,26,3,3,73,1,1,0,1,0,14,1,5,3,0,5,4,0,4,0,0
757,50,1,2,0,5,13,2,26,2,3,39,1,3,0,4,1,13,1,20,3,2,3,2,2,0,1,1
758,39,0,2,1,5,13,2,24,0,1,60,1,4,3,0,0,11,0,21,2,1,20,9,9,6,0,0
759,31,1,3,2,4,10,0,5,2,1,74,2,2,0,0,0,19,1,10,2,2,9,4,1,7,0,0
760,26,0,4,2,5,14,2,5,2,3,30,1,1,2,0,0,18,3,5,2,2,4,2,0,0,0,1
761,39,1,3,1,4,5,2,6,0,3,42,1,3,0,4,0,15,0,9,5,2,7,7,1,7,0,1
762,27,1,1,1,4,10,2,4,2,1,87,3,2,1,1,1,20,1,6,0,2,6,2,0,3,0,1
763,49,1,3,1,5,13,1,2,2,3,63,1,2,1,2,0,14,3,17,3,1,9,6,0,8,0,1
764,34,1,3,1,4,7,2,8,2,1,82,3,2,2,2,0,12,0,6,3,3,4,3,1,2,0,0
765,41,0,1,2,5,13,2,1,1,1,94,2,2,3,8,1,11,0,8,0,0,6,4,0,5,1,0
766,27,1,3,1,1,3,2,2,0,0,40,2,1,1,8,0,12,3,6,3,2,2,2,2,2,0,0
767,32,1,1,2,1,15,1,2,1,3,79,2,1,3,0,0,13,2,8,2,1,7,7,3,6,0,1
768,53,0,3,1,1,15,2,3,2,2,81,3,1,0,4,1,20,0,12,3,1,1,0,0,0,0,2
769,30,1,1,0,1,15,2,24,0,3,67,2,1,2,1,0,22,1,1,2,2,1,0,0,0,0,2
770,36,1,3,1,1,15,2,26,2,2,94,2,2,2,6,0,13,1,17,3,1,7,7,7,7,0,1
771,35,1,3,1,1,3,2,16,2,0,84,3,1,1,0,0,13,2,6,5,2,5,4,0,3,0,1
772,31,1,1,0,1,3,2,26,0,0,31,2,1,2,1,0,17,3,5,1,1,5,2,4,3,0,0
773,34,1,3,0,1,15,2,19,1,1,93,2,1,3,0,0,11,2,3,2,2,2,2,1,2,0,0
774,28,1,1,2,1,3,2,24,2,2,50,1,1,2,5,1,14,1,6,4,2,4,2,0,3,1,1
775,29,0,1,0,1,15,2,21,3,1,51,3,3,0,1,0,11,2,10,1,2,10,9,8,8,0,0
776,22,1,3,0,1,15,0,16,1,3,96,3,1,3,1,1,13,1,1,2,1,1,0,0,0,0,1
777,53,0,1,1,5,8,2,2,3,0,78,1,4,3,2,0,16,2,26,3,2,20,8,3,7,0,0
778,38,1,1,2,1,3,2,2,2,3,45,2,1,3,5,1,11,2,6,3,2,3,2,1,2,0,1
779,24,0,4,0,1,3,0,11,1,0,96,3,2,2,0,0,18,3,5,5,1,4,2,1,3,0,1
780,34,0,1,2,1,3,2,7,3,0,53,2,3,1,0,0,11,2,13,4,2,12,6,2,10,0,1
781,34,1,3,2,1,3,2,6,0,1,83,2,1,0,2,0,11,2,8,2,2,4,2,1,3,1,1
782,53,0,4,0,1,15,2,5,2,2,58,2,4,2,4,0,11,3,26,3,1,14,10,4,8,0,1
783,32,0,1,2,1,15,1,16,0,1,72,0,1,0,1,1,22,1,10,5,2,10,2,6,7,1,2
784,42,1,2,1,5,13,2,8,3,2,48,2,2,1,0,0,11,3,10,2,2,9,7,4,2,0,1
785,44,0,3,1,1,3,2,7,3,0,42,1,3,3,3,0,14,3,24,4,2,20,6,5,10,0,1
786,46,0,2,2,5,8,2,2,3,1,83,2,4,0,3,0,12,3,22,2,1,2,2,2,1,0,0
787,33,1,3,2,1,3,2,2,2,2,78,2,1,3,4,0,11,3,7,3,2,1,1,0,0,0,1
788,44,1,4,1,1,17,2,10,3,3,41,2,2,3,2,1,13,3,9,5,3,4,2,1,3,0,1
789,24,1,3,1,1,3,2,1,2,1,61,2,1,3,2,1,16,0,6,2,1,2,0,2,0,1,1
790,43,0,3,0,1,17,2,2,1,3,72,3,1,2,1,0,12,3,6,3,1,5,3,1,4,0,1
791,50,1,2,1,5,14,2,3,1,0,86,1,1,2,1,1,14,2,3,2,2,3,2,0,2,1,1
792,35,0,2,1,5,14,2,2,2,3,96,2,1,3,1,0,13,0,2,3,2,2,2,2,2,0,1
793,36,0,1,1,1,3,2,5,3,1,82,1,1,0,8,1,14,3,6,3,3,1,1,0,0,0,1
794,33,0,1,1,5,13,1,1,2,2,42,3,2,0,2,0,19,0,10,3,2,5,3,1,3,0,1
795,35,1,4,0,1,3,2,4,1,2,75,2,1,3,1,0,12,2,1,3,2,1,0,0,0,0,1
796,27,0,1,0,1,17,2,2,3,3,33,2,1,0,1,0,13,3,1,5,2,1,0,0,0,0,1
797,26,1,1,2,1,17,2,25,2,0,48,0,1,2,1,0,12,2,1,2,1,1,0,0,1,1,1
798,27,1,1,2,5,13,1,8,2,3,37,2,3,2,1,0,15,3,9,0,2,9,8,1,7,0,1
799,30,0,3,2,1,3,1,1,1,2,58,2,2,3,1,0,22,3,12,2,2,12,8,3,7,0,2
800,34,1,2,2,5,13,0,23,3,1,72,2,2,2,0,0,20,2,10,2,2,9,5,8,7,0,0
801,37,1,1,1,1,3,2,19,1,1,73,2,1,1,4,0,21,0,8,1,2,1,0,0,0,0,2
802,46,1,2,2,5,13,1,5,3,0,96,2,2,3,4,1,21,2,14,4,2,9,6,0,8,0,1
803,35,1,1,1,1,17,2,8,0,3,36,3,1,3,1,0,19,3,1,2,2,1,0,0,1,0,1
804,48,1,1,2,1,3,2,1,1,0,96,1,3,2,8,1,13,3,23,2,2,1,0,0,0,1,1
805,28,1,5,2,1,17,2,5,3,2,50,2,1,2,1,1,13,2,2,3,1,2,2,2,2,1,1
806,44,0,2,0,5,13,2,1,4,1,75,2,2,0,5,1,21,2,9,2,1,4,3,1,3,0,0
807,35,1,3,1,1,17,0,11,1,2,79,1,3,0,2,1,13,2,10,3,2,4,0,2,3,0,1
808,26,0,2,1,5,13,2,23,2,2,47,1,2,3,7,1,19,2,5,2,1,2,2,0,0,0,1
809,33,0,1,2,1,3,1,1,1,0,96,2,3,3,1,1,12,2,15,1,2,15,10,8,10,0,0
810,35,1,1,1,5,13,1,18,4,1,71,2,3,0,1,0,22,3,9,3,1,9,8,1,8,0,0
811,35,0,3,1,1,0,2,23,3,2,30,2,1,0,3,1,15,2,4,3,2,2,2,2,2,0,1
812,31,1,1,0,1,3,2,7,3,3,48,2,2,3,3,0,22,3,10,3,1,7,7,1,7,0,2
813,37,1,1,0,1,0,2,1,3,0,51,1,2,2,1,0,18,2,7,2,3,7,5,0,7,0,1
814,32,1,3,1,1,3,2,1,2,0,33,2,2,3,1,1,22,1,9,3,2,9,8,7,8,0,1
815,38,0,1,2,1,3,1,26,4,3,50,2,2,3,1,0,11,3,10,2,2,10,3,9,9,0,1
816,50,0,3,0,1,3,2,7,1,1,43,1,4,2,5,1,12,3,26,2,1,20,3,9,8,0,1
817,53,0,1,2,5,13,2,25,2,0,96,2,3,0,7,0,11,3,26,3,1,20,10,7,9,0,0
818,36,0,5,0,1,0,2,8,2,2,59,2,3,2,1,0,13,1,17,2,2,17,10,9,8,0,1
819,36,1,1,2,1,0,1,11,2,1,95,1,2,1,1,0,13,2,6,3,2,6,5,0,3,0,1
820,45,1,1,0,1,0,2,7,2,1,59,2,3,0,2,0,17,2,25,2,2,1,0,0,0,0,1
821,35,1,3,1,1,3,1,1,2,1,79,2,1,0,4,0,13,3,5,2,1,3,2,1,2,0,1
822,36,1,3,1,1,3,2,9,2,3,79,1,1,2,0,1,17,0,2,0,1,1,0,0,0,1,1
823,29,1,1,1,1,0,2,2,2,2,76,2,1,1,0,0,22,3,6,3,2,5,4,0,4,0,2
824,31,1,3,2,1,0,2,1,3,2,87,2,1,1,1,0,17,1,1,4,2,1,1,1,0,0,1
825,32,1,1,1,1,3,2,1,2,1,66,2,2,1,1,0,17,1,10,3,2,10,4,0,9,0,1
826,36,0,1,1,1,3,2,6,2,1,55,3,1,3,3,0,12,1,5,3,2,1,0,0,0,0,1
827,31,0,1,2,1,3,2,8,3,2,61,2,2,3,1,0,22,3,11,2,2,11,7,1,8,0,2
828,35,1,2,2,5,13,2,1,3,2,32,1,2,0,0,0,14,1,16,2,2,15,10,2,8,0,1
829,46,1,3,0,3,6,2,5,1,1,80,2,2,1,8,1,22,3,16,2,2,4,2,0,2,0,1
830,30,1,1,1,1,3,2,1,0,3,55,1,2,3,1,1,12,2,10,1,1,10,8,3,0,0,1
831,35,1,3,2,1,0,2,1,2,1,30,1,1,2,1,0,18,0,6,3,2,6,4,0,4,0,1
832,53,1,1,1,5,13,2,1,1,0,70,2,3,3,3,0,14,3,24,4,2,1,0,1,0,0,1
833,38,0,3,0,1,3,0,6,2,1,79,0,2,3,7,1,12,3,17,3,2,13,10,1,9,0,1
834,34,1,3,1,1,0,2,1,1,0,94,2,2,1,1,0,15,2,5,2,2,5,2,1,3,0,1
835,23,1,5,0,5,14,2,2,0,2,62,2,1,0,3,0,13,2,3,3,2,0,0,0,0,0,1
836,30,1,1,1,1,3,2,2,2,2,96,1,2,3,1,0,19,0,11,3,2,11,10,9,8,0,1
837,46,1,3,2,5,13,2,9,1,2,64,1,3,3,1,0,16,3,9,3,2,9,8,4,7,1,1
838,40,1,1,1,1,3,1,1,3,2,78,1,4,1,1,0,22,3,22,3,1,20,3,9,10,0,2
839,51,1,2,2,5,13,2,21,3,2,71,2,2,3,0,1,22,3,11,2,0,10,7,1,0,0,1
840,30,0,3,0,5,13,2,4,1,2,63,1,2,1,1,1,12,1,11,4,1,11,8,2,7,0,1
841,46,1,3,1,1,3,1,1,2,2,40,1,3,0,2,1,13,2,21,5,1,10,9,9,5,0,1
842,32,1,3,2,5,13,2,6,3,1,87,2,2,2,1,0,16,0,12,0,2,11,8,5,7,0,0
843,24,0,4,1,5,13,2,3,1,0,33,2,2,2,0,0,21,0,4,2,1,3,2,0,2,0,1
844,28,1,3,1,5,13,0,4,2,1,43,2,2,2,1,0,15,1,5,3,3,5,4,0,4,0,2
845,53,1,3,2,5,13,2,10,3,3,37,2,4,2,0,0,13,2,26,1,1,20,10,1,8,0,1
846,44,1,3,1,1,3,0,23,2,1,67,2,2,1,4,0,12,2,17,3,3,3,2,1,2,0,1
847,37,1,0,0,3,6,2,6,3,2,63,2,1,0,4,1,22,3,7,3,2,3,2,0,2,1,2
848,32,1,1,2,1,3,2,1,0,3,71,2,1,0,1,0,13,3,1,2,2,1,0,0,0,0,1
849,34,0,4,2,1,3,2,6,3,0,41,2,2,2,1,0,14,2,16,3,2,16,10,2,10,0,1
850,37,1,1,0,1,0,0,2,1,2,96,1,2,3,5,0,14,3,17,2,3,1,0,0,0,0,1
851,50,0,1,1,1,0,1,1,2,0,73,2,4,1,3,1,19,0,26,1,1,8,3,0,7,0,1
852,25,1,2,2,5,13,2,5,2,2,46,1,2,2,1,1,11,3,6,1,2,6,4,0,3,1,1
853,25,1,3,1,1,0,2,7,0,3,64,1,1,3,1,0,11,2,2,2,2,2,2,2,1,0,1
854,22,0,3,2,1,3,2,15,2,1,59,2,1,3,1,0,15,2,1,5,2,0,0,0,0,0,1
855,34,1,1,2,1,3,1,7,2,0,66,0,2,2,1,1,22,3,9,3,2,9,7,0,6,1,2
856,53,0,0,2,3,8,0,26,2,3,30,3,4,3,2,1,12,2,23,3,2,5,3,4,4,0,1
857,24,1,1,1,1,0,2,18,0,1,52,2,1,2,0,0,12,2,6,2,2,5,3,1,2,0,1
858,34,0,1,0,1,0,2,6,3,2,45,1,2,1,6,0,15,2,12,3,2,1,0,0,0,0,1
859,37,1,1,2,5,13,2,3,2,2,87,2,3,3,2,0,12,0,12,3,2,5,3,1,3,0,1
860,34,0,3,2,1,0,2,5,2,2,45,1,3,0,2,0,12,3,14,5,2,11,10,5,8,0,1
861,36,0,1,0,1,3,2,3,1,0,39,2,1,3,5,0,22,0,7,2,2,1,0,0,0,0,2
862,43,1,1,1,5,8,1,26,1,2,92,2,4,3,1,1,12,3,25,3,3,20,10,4,10,0,1
863,33,1,2,1,5,13,0,22,1,2,95,2,2,1,0,0,13,0,8,2,3,7,7,0,7,0,1
864,51,1,1,2,1,3,2,6,2,0,51,2,4,2,7,0,13,2,23,5,2,20,10,9,10,0,1
865,31,1,1,1,5,13,2,6,3,1,76,0,2,2,4,1,18,1,12,3,1,7,7,7,7,1,0
866,26,0,4,1,1,3,2,6,2,2,46,1,1,1,1,0,19,2,5,3,1,5,4,4,3,0,1
867,53,0,3,1,1,3,2,23,3,3,94,2,3,3,1,0,12,3,26,3,1,20,10,9,6,1,1
868,19,1,2,2,5,14,2,22,0,3,50,2,1,2,1,1,19,3,0,2,1,0,0,0,0,1,1
869,22,1,5,1,1,3,2,2,0,2,96,2,1,3,0,0,14,2,3,2,2,2,1,2,1,0,1
870,49,0,3,1,1,3,2,20,3,2,96,2,2,0,1,0,14,2,16,2,1,15,10,5,10,0,1
871,43,0,3,2,1,3,1,26,2,1,72,3,1,2,4,0,12,3,18,2,2,3,2,1,2,0,1
872,50,0,2,2,5,13,1,12,2,2,77,2,3,3,4,0,11,3,16,3,2,2,2,2,1,0,1
873,31,0,1,1,5,13,2,20,2,1,71,0,2,2,3,1,11,2,4,2,2,2,2,2,2,1,0
874,41,1,1,0,5,13,2,9,0,2,96,2,3,2,3,1,13,2,12,2,2,9,7,0,7,0,1
875,26,0,1,1,3,6,2,25,0,2,61,2,1,2,1,0,22,3,8,3,2,8,7,5,7,0,2
876,36,1,3,0,1,3,2,6,1,1,84,2,2,1,6,0,20,3,7,0,2,3,2,0,1,0,1
877,51,1,1,2,1,0,1,8,3,0,53,0,3,3,2,0,15,3,18,2,2,4,2,0,3,1,2
878,25,1,1,1,5,13,2,26,2,0,41,1,2,2,2,0,18,3,6,3,2,2,2,2,2,0,0
879,30,1,0,1,3,6,2,9,2,2,48,2,2,3,0,1,19,3,12,2,0,11,9,4,7,0,1
880,45,1,3,2,1,18,2,26,2,2,83,2,1,3,5,0,13,1,9,2,1,6,5,0,3,0,1
881,38,0,5,2,1,3,2,3,4,3,32,2,2,2,3,1,20,1,19,2,2,3,2,2,2,0,2
882,30,0,1,2,1,3,2,18,2,0,75,2,1,2,1,0,14,2,5,4,1,5,4,0,4,0,1
883,30,0,5,0,1,3,2,5,2,3,84,2,1,0,5,0,14,3,8,3,2,3,2,2,2,0,1
884,41,1,1,1,1,3,2,9,3,2,94,2,1,0,2,0,21,3,7,2,2,5,0,1,4,0,2
885,19,0,3,2,1,18,2,3,0,1,79,2,1,1,1,0,14,3,1,3,2,1,0,0,0,0,1
886,35,1,2,1,5,13,2,1,4,2,94,2,3,1,1,0,13,0,10,3,2,10,8,0,6,0,1
887,53,1,2,1,5,14,2,6,1,1,34,2,2,2,2,1,20,3,13,3,0,7,7,4,5,0,0
888,45,1,1,0,1,3,2,9,2,1,60,2,2,1,8,0,18,2,20,2,0,17,9,0,10,0,1
889,32,0,2,2,5,13,1,8,2,1,43,2,3,3,1,0,14,3,9,2,2,9,8,3,7,0,0
890,29,1,5,1,1,18,0,1,0,3,41,2,2,2,1,0,13,0,10,1,2,10,7,0,9,0,1
891,53,0,3,1,1,18,2,9,2,1,75,1,1,1,4,1,20,1,9,3,1,1,0,0,0,0,2
892,40,1,2,1,5,13,2,4,3,2,67,1,3,3,7,0,11,0,15,2,1,12,10,2,10,0,1
893,34,0,2,1,5,14,1,2,3,2,75,2,1,2,6,0,18,3,6,3,2,4,3,1,2,0,1
894,27,1,3,0,1,3,0,9,2,3,57,2,1,1,6,0,18,3,6,1,0,2,2,2,2,0,1
895,28,1,3,1,1,3,2,21,2,2,42,2,1,3,1,0,11,2,5,2,0,5,2,0,2,0,1
896,53,1,1,0,1,3,2,24,1,2,83,3,3,3,3,1,16,1,12,2,0,5,3,1,4,0,1
897,27,1,3,0,1,18,0,3,2,2,79,1,1,2,1,1,15,3,1,2,1,1,1,0,1,0,1
898,50,0,1,2,1,18,2,11,2,2,53,2,4,1,3,0,15,1,21,5,2,5,4,4,4,0,1
899,41,1,1,0,1,3,2,14,2,0,56,2,1,2,4,0,12,0,13,2,2,9,8,1,8,0,1
900,30,0,1,1,5,13,2,5,2,1,41,2,3,3,2,0,12,2,12,2,2,10,9,7,4,0,0
901,38,0,1,2,5,13,2,1,3,0,59,1,2,3,4,0,22,2,12,2,3,8,3,0,7,0,2
902,32,1,1,2,1,3,2,6,4,2,43,2,1,2,3,0,20,0,8,2,2,5,4,1,4,0,2
903,27,1,5,1,1,18,2,17,2,2,51,2,1,1,0,1,16,3,6,3,1,5,2,1,1,0,1
904,19,0,5,2,5,14,1,1,0,2,96,0,1,0,0,0,21,0,1,5,3,0,0,0,0,1,2
905,36,1,3,2,1,18,1,3,1,3,30,2,1,1,4,0,12,2,13,3,1,8,7,7,2,0,1
906,30,1,3,0,1,3,0,9,2,2,66,2,2,0,1,0,11,2,12,4,2,12,9,6,10,0,1
907,45,0,1,0,5,13,2,4,1,2,30,2,2,0,4,1,11,0,9,3,3,5,4,0,3,0,1
908,53,0,1,0,1,3,2,8,2,2,67,2,1,0,4,1,18,2,19,3,2,2,2,2,2,0,1
909,33,1,1,2,1,3,2,2,2,2,90,2,1,3,0,0,14,0,4,2,3,3,1,0,2,0,1
910,19,1,1,2,1,3,2,2,2,1,47,1,1,3,1,0,22,2,1,3,1,1,0,1,0,1,2
911,46,0,2,0,5,13,2,1,1,1,92,2,3,0,1,0,22,2,24,2,2,20,10,9,7,0,0
912,38,0,1,2,1,18,2,9,1,2,75,2,1,3,1,0,12,2,2,3,2,2,2,2,1,0,1
913,34,0,3,2,1,3,2,26,1,3,95,2,1,1,2,0,15,3,9,3,2,3,2,1,2,0,1
914,41,0,2,2,5,14,2,20,1,1,70,2,1,1,1,1,22,3,4,5,1,4,3,0,2,1,1
915,50,1,3,1,1,3,2,1,2,2,86,1,1,2,2,0,15,3,5,2,1,3,2,0,2,0,1
916,53,0,3,0,1,18,2,13,1,3,57,3,2,0,1,0,11,2,5,3,2,4,2,1,3,0,1
917,33,0,3,1,1,3,2,14,2,3,72,2,1,1,1,0,13,3,8,5,2,8,7,1,6,0,1
918,40,0,3,1,1,3,2,4,0,3,46,2,4,2,1,0,14,1,21,2,2,20,8,9,9,0,1
919,34,1,1,1,1,18,1,2,0,3,45,1,2,2,1,0,17,2,10,2,1,10,9,1,9,0,1
920,51,0,3,2,1,3,2,3,2,3,96,2,4,1,3,0,18,2,21,5,2,7,7,1,0,0,1
921,52,1,1,1,1,3,2,1,3,2,65,1,4,2,0,0,14,0,26,5,2,20,10,9,9,0,1
922,27,0,3,2,1,3,2,9,2,3,96,2,1,1,1,0,16,3,7,2,1,7,7,0,3,0,1
923,35,1,1,1,1,3,2,23,1,1,50,1,2,2,3,1,13,0,8,1,2,1,0,0,1,1,1
924,43,1,3,0,1,18,0,7,2,3,37,3,1,3,4,0,14,3,7,3,3,5,4,2,2,0,1
925,45,1,3,1,1,18,0,2,1,0,65,1,4,3,8,0,22,3,22,1,2,20,8,9,8,0,1
926,37,1,1,1,1,3,2,21,2,1,65,3,1,0,1,1,12,0,8,3,1,8,7,1,7,0,1
927,35,0,3,2,1,3,1,2,2,1,37,2,2,1,5,0,11,3,10,5,2,6,2,1,2,0,1
928,42,0,3,0,1,3,0,21,1,2,36,2,2,2,2,0,16,1,11,5,2,5,3,0,2,0,1
929,38,1,1,1,1,18,2,2,3,3,88,2,2,2,8,0,14,1,14,3,2,1,0,0,0,0,1
930,38,1,5,1,1,18,2,26,2,3,54,2,2,3,3,0,18,0,9,3,0,7,7,1,7,0,1
931,27,1,5,1,1,3,1,1,0,2,60,1,2,0,5,0,19,2,6,1,2,2,2,2,0,0,1
932,49,1,1,0,1,18,0,18,3,3,92,2,2,3,1,1,15,0,7,0,2,7,7,1,7,0,1
933,34,1,3,0,1,3,1,10,3,3,43,2,1,2,1,1,17,3,5,4,3,5,3,2,0,0,1
934,40,1,3,1,1,3,2,19,1,2,96,2,2,3,8,1,15,2,15,2,3,7,2,3,7,0,1
935,38,1,3,1,1,18,2,26,0,1,70,2,2,0,7,1,19,1,17,2,2,1,0,0,0,1,1
936,29,0,2,1,5,13,2,26,2,1,35,2,3,3,1,0,22,3,10,3,1,10,4,1,9,1,0
937,22,1,1,0,1,18,2,5,2,3,60,3,1,1,1,1,16,0,4,2,1,4,2,2,2,0,1
938,36,0,3,2,1,3,1,18,0,1,73,2,1,3,1,0,13,0,8,2,2,8,1,1,7,0,1
939,40,1,1,1,1,18,0,9,4,3,63,1,2,3,8,0,14,3,5,5,0,3,2,0,2,0,1
940,32,1,3,1,5,13,2,4,3,3,32,0,3,3,1,0,11,2,14,2,1,14,8,9,8,1,1
941,27,0,1,2,5,13,1,20,2,3,90,2,2,2,1,0,14,3,7,2,2,7,7,0,7,0,1
942,51,1,1,1,0,1,2,8,3,1,81,1,3,1,5,0,16,3,16,5,0,10,9,4,7,0,1
943,41,0,1,2,5,8,2,6,2,3,75,2,3,3,3,1,18,2,16,3,2,1,0,0,0,0,1
944,30,0,2,2,5,13,1,26,3,2,52,1,2,0,5,0,15,2,9,5,1,6,3,0,1,1,1
945,29,1,5,2,1,3,2,1,2,2,85,2,1,2,0,0,14,3,7,1,1,6,2,1,5,1,1
946,45,0,3,2,5,13,0,6,2,3,57,1,3,3,6,0,12,3,23,2,2,19,7,9,8,0,1
947,53,0,2,1,5,13,2,3,2,3,52,2,2,0,2,0,14,3,16,4,2,6,2,0,5,0,1
948,36,1,1,2,1,18,2,5,1,3,62,2,2,1,8,0,16,3,16,3,3,13,10,3,7,0,1
949,37,1,4,0,1,3,1,11,2,1,47,2,3,3,1,1,14,2,10,1,2,10,8,0,7,0,1
950,31,1,3,1,1,3,0,1,3,2,90,0,2,2,0,0,12,3,6,2,2,5,4,1,4,0,1
951,37,1,2,0,5,14,1,4,3,0,41,2,1,3,4,0,17,2,13,2,2,9,8,5,8,0,0
952,29,0,3,1,5,13,1,1,0,1,42,2,3,3,1,0,14,3,11,5,2,11,10,4,1,0,0
953,35,0,2,2,5,13,1,1,2,2,92,2,3,2,1,0,14,0,10,3,3,10,7,0,8,0,2
954,29,1,3,2,1,3,2,18,0,2,86,1,1,3,1,1,13,2,4,3,1,4,3,0,1,1,1
955,52,0,1,2,1,18,2,2,2,2,89,1,1,3,7,0,15,1,6,3,1,2,2,2,2,0,1
956,42,1,5,1,1,3,2,4,1,2,58,2,4,3,1,0,11,3,22,3,2,20,10,9,10,0,1
957,53,1,3,1,3,6,2,6,1,1,52,2,1,2,8,0,17,3,7,2,1,2,2,2,2,0,0
958,50,0,3,0,5,8,2,1,3,3,68,2,4,3,3,0,11,2,26,3,1,7,0,0,6,0,1
959,33,1,3,1,1,3,2,14,2,2,58,2,1,3,5,1,13,2,8,2,0,5,4,0,4,1,1
960,43,0,2,1,5,8,2,16,2,3,80,2,4,3,5,1,22,2,22,3,2,17,10,1,9,0,2
961,33,0,1,1,1,3,2,2,1,0,39,2,1,0,7,0,20,0,13,3,3,9,7,1,7,1,2
962,52,1,1,2,5,8,0,2,3,0,79,1,4,2,1,1,18,3,26,2,3,20,7,9,10,0,0
963,32,1,1,2,1,3,2,1,2,3,62,1,1,2,0,1,14,3,4,2,0,3,2,1,2,1,1
964,39,0,3,0,0,1,2,1,3,2,96,2,1,2,7,0,14,2,7,1,2,3,2,1,2,0,1
965,32,1,2,1,5,13,0,26,3,2,96,2,2,3,0,0,18,0,4,2,2,3,2,2,2,0,1
966,41,1,1,0,0,1,2,19,1,2,36,2,2,0,2,0,16,0,17,2,1,1,0,0,0,0,1
967,31,1,3,0,1,18,1,3,3,1,73,2,3,2,8,0,12,0,9,3,2,2,2,2,2,0,0
968,33,0,1,1,1,3,2,5,3,2,63,1,1,3,1,0,13,2,2,2,1,2,2,0,2,0,1
969,34,1,1,1,1,3,2,2,3,3,84,1,2,0,6,0,13,1,13,3,2,11,9,5,9,0,1
970,37,0,3,1,1,18,2,1,1,2,83,1,1,0,2,0,14,0,17,2,1,3,1,0,2,0,1
971,45,1,1,1,1,18,1,7,3,0,77,3,2,2,4,0,17,3,9,1,2,3,2,0,2,0,2
972,37,1,3,0,1,3,1,10,2,0,61,2,3,2,6,0,11,1,17,5,2,1,0,0,0,1,1
973,39,0,5,2,1,3,1,2,3,2,64,2,3,2,0,0,22,3,20,1,2,19,6,9,8,0,2
974,42,0,1,2,1,3,2,17,1,3,82,3,2,0,3,1,13,2,10,1,2,3,2,0,2,0,1
975,29,1,2,0,5,13,2,20,1,3,45,2,2,3,2,0,14,3,10,2,2,3,2,0,2,0,1
976,25,0,1,1,1,3,2,1,2,0,62,2,2,2,0,0,12,3,5,3,2,4,2,1,2,0,1
977,42,0,3,0,1,3,2,2,2,3,56,1,1,0,0,1,11,2,10,4,2,9,6,7,8,0,1
978,40,1,3,0,0,1,2,2,1,0,49,2,4,2,0,0,19,3,22,5,2,20,7,3,9,0,0
979,51,1,1,1,1,3,2,1,2,2,96,2,1,3,1,0,11,1,1,0,1,1,0,0,0,0,1
980,32,1,1,1,1,18,1,7,2,1,96,3,1,1,1,0,20,2,5,3,0,5,1,0,3,0,1
981,38,1,1,1,5,13,0,2,1,3,39,1,2,3,3,0,18,3,13,0,2,8,7,7,5,0,1
982,32,1,5,2,1,3,2,2,0,3,84,1,2,0,4,0,13,3,9,5,2,6,2,0,4,0,1
983,46,0,5,1,5,8,2,2,2,2,75,0,4,1,3,1,12,1,26,2,1,7,7,7,7,0,1
984,28,1,1,2,1,3,2,2,3,0,79,2,1,2,2,0,11,2,5,5,0,0,0,0,0,1,1
985,29,1,3,1,5,13,2,2,2,0,78,1,2,1,2,0,19,1,10,2,2,0,0,0,0,0,1
986,31,1,3,1,0,1,2,23,2,1,64,1,2,3,0,0,21,1,10,2,2,9,0,7,8,0,2
987,25,1,1,0,1,3,0,5,1,1,85,3,2,0,1,0,12,3,6,2,2,6,3,1,5,0,1
988,45,1,3,1,1,18,2,20,1,2,79,2,4,3,0,1,14,1,21,2,2,20,7,4,10,0,1
989,53,1,3,2,1,3,2,1,2,3,81,2,4,0,0,1,14,2,26,2,2,20,10,4,10,0,1
990,28,1,3,1,1,18,2,9,2,3,94,2,1,3,1,0,22,3,5,3,1,5,2,0,4,0,2
991,37,1,3,1,5,13,2,6,3,2,96,2,2,3,4,0,14,1,7,5,3,5,4,0,1,0,2
992,21,1,3,2,1,3,2,3,1,3,96,1,1,2,1,0,17,0,3,4,3,3,2,1,0,0,2
993,37,0,3,0,1,3,0,1,3,0,80,2,3,3,2,1,18,0,15,2,2,5,2,0,2,0,1
994,35,0,1,0,1,18,2,22,2,1,71,3,3,1,7,0,18,1,10,5,1,7,7,6,2,0,1
995,38,0,3,0,5,13,2,7,1,0,44,3,2,0,1,1,22,2,8,3,2,8,0,7,7,0,2
996,26,0,1,0,0,1,1,1,2,2,84,2,2,1,1,0,20,0,6,5,0,6,5,1,4,0,1
997,50,1,1,0,1,3,2,4,0,0,96,2,4,1,3,0,14,0,26,4,1,10,4,1,6,0,0
998,53,1,3,1,1,18,2,3,3,2,45,2,4,2,3,1,16,3,21,5,1,5,3,1,3,0,1
999,42,1,1,1,5,13,2,1,0,1,96,2,2,2,1,0,22,2,20,3,2,20,10,9,6,0,0
1000,26,1,3,1,1,3,1,11,1,0,60,2,2,0,1,1,13,2,5,3,2,5,3,3,3,0,1
1001,37,0,1,2,1,18,2,1,2,3,42,2,1,3,1,0,12,1,17,3,2,17,10,5,7,0,1
1002,44,1,1,0,1,3,1,24,2,3,43,2,1,2,3,1,22,3,19,0,0,1,0,0,0,1,1
1003,38,1,1,0,1,3,2,23,3,3,82,2,2,3,8,0,14,1,10,2,2,2,2,1,2,0,1
1004,26,1,3,0,0,1,2,16,3,0,45,2,1,1,2,1,13,3,5,2,2,3,2,0,2,1,1
1005,28,0,1,2,1,18,2,8,1,3,66,2,1,3,1,0,21,3,5,3,2,5,3,0,2,0,2
1006,49,0,1,2,1,3,1,10,3,2,35,2,4,0,8,1,11,3,22,4,2,3,2,1,2,0,1
1007,31,0,2,0,5,14,1,5,2,3,84,2,1,1,1,0,11,2,2,5,1,2,2,2,2,0,1
1008,26,1,2,2,5,13,2,4,3,3,48,1,2,3,1,1,12,1,8,0,2,8,7,7,4,1,1
1009,37,1,3,1,1,3,1,9,2,1,53,2,1,3,1,1,12,2,4,3,1,4,2,1,2,0,0
1010,42,0,2,1,5,13,1,26,2,2,77,2,4,1,5,0,14,3,23,2,3,20,4,4,8,0,1
1011,18,1,1,2,1,3,2,3,2,2,54,2,1,2,1,0,13,2,0,2,2,0,0,0,0,1,1
1012,35,1,2,1,5,13,2,16,2,2,96,2,3,1,0,0,15,2,12,3,1,11,9,6,9,0,1
1013,36,1,1,1,1,3,1,18,3,2,81,3,1,3,4,0,18,3,4,2,2,1,0,0,0,0,1
1014,51,1,3,0,1,18,2,2,2,3,84,0,2,1,5,0,18,3,13,3,2,4,1,1,2,0,1
1015,41,1,1,2,5,8,2,2,3,3,88,2,4,1,1,0,19,1,22,2,2,20,10,0,4,0,1
1016,18,0,3,2,5,14,2,10,2,3,69,1,1,2,1,0,12,0,0,2,2,0,0,0,0,0,1
1017,28,1,3,2,0,1,2,16,1,1,68,3,2,0,0,0,19,2,9,2,2,8,3,0,7,0,1
1018,39,1,3,0,1,18,2,1,2,2,48,3,3,3,0,0,17,0,19,5,1,18,10,3,7,0,1
1019,36,0,1,1,1,18,0,24,3,1,47,2,2,1,7,0,15,2,11,3,2,9,8,0,8,0,1
1020,32,1,1,1,5,13,2,7,2,3,91,1,2,2,1,0,14,2,13,3,1,13,8,4,8,0,1
1021,38,0,1,1,1,3,2,25,1,0,81,1,3,1,3,0,17,2,19,2,2,10,8,0,1,0,1
1022,31,1,5,1,1,3,2,5,3,2,86,2,1,3,0,1,12,2,6,4,2,5,2,0,3,0,1
1023,31,1,0,1,3,6,2,2,2,0,62,1,2,0,3,0,12,3,9,1,2,2,2,1,0,0,0
1024,45,1,1,0,1,18,1,7,2,0,96,2,3,0,1,0,18,0,24,2,2,20,9,9,10,0,1
1025,31,1,1,0,1,3,2,2,3,2,32,2,1,3,0,1,18,1,3,2,0,2,2,2,2,0,1
1026,33,0,1,1,1,3,1,5,3,3,74,2,3,1,6,0,11,1,12,2,2,10,6,8,8,0,1
1027,39,1,3,1,1,3,2,10,0,2,96,2,4,0,1,1,14,3,21,3,2,20,9,9,10,0,1
1028,43,0,1,2,1,3,1,10,3,2,33,2,1,3,0,0,19,0,9,5,2,8,7,1,7,0,1
1029,49,0,5,2,1,18,2,1,1,2,90,1,4,2,7,1,12,3,25,2,2,7,1,0,7,0,1
1030,27,0,1,2,1,18,2,5,2,2,85,2,1,1,1,1,12,1,4,2,1,4,3,1,2,0,1
1031,32,0,5,1,5,13,2,8,1,2,65,1,2,1,1,1,11,3,13,2,2,13,10,9,9,0,1
1032,27,1,1,2,5,13,2,2,2,3,74,2,2,2,1,1,11,0,5,3,2,5,4,0,4,0,1
1033,31,1,2,0,5,13,2,7,2,3,73,2,2,3,4,0,12,3,13,3,2,7,7,1,7,0,1
1034,32,0,3,2,1,18,2,2,3,0,74,3,2,3,7,0,16,2,10,0,1,7,7,0,7,0,1
1035,30,0,3,1,1,2,2,26,1,3,64,2,2,3,1,0,13,3,11,2,2,10,8,1,9,0,1
1036,39,1,3,1,1,3,1,7,1,2,54,1,4,3,1,0,15,0,21,2,2,20,9,9,3,0,1
1037,39,0,3,1,5,13,2,3,1,3,41,2,2,2,4,1,18,0,12,3,1,1,0,0,0,1,1
1038,33,1,2,2,5,13,1,10,2,1,46,1,2,3,3,0,14,2,9,5,1,7,7,0,1,0,2
1039,47,1,1,1,0,1,2,5,4,3,42,2,4,2,4,0,11,1,21,2,2,3,2,1,1,0,1
1040,27,1,2,1,5,13,0,1,0,2,73,2,2,1,0,1,13,3,6,0,2,5,4,1,4,0,1
1041,43,0,1,1,1,2,2,7,2,2,43,2,3,0,8,0,16,0,10,1,1,1,0,0,0,0,1
1042,45,1,4,1,1,3,2,8,3,3,75,2,2,3,8,0,14,0,12,3,2,10,9,9,8,0,1
1043,40,1,3,1,5,13,2,1,1,1,57,0,2,3,2,1,22,2,6,2,1,4,3,0,2,0,1
1044,29,1,4,1,1,3,2,8,3,1,77,0,1,0,1,1,11,3,7,4,1,7,7,0,7,1,1
1045,30,0,2,0,5,13,2,5,2,3,30,1,2,2,1,0,13,2,10,2,2,10,9,1,2,0,1
1046,27,0,2,1,5,13,2,8,3,1,56,2,2,1,1,0,18,0,8,3,2,8,7,0,7,0,1
1047,37,1,3,0,1,2,2,5,1,3,61,2,2,3,7,0,16,2,8,2,1,6,2,0,4,0,1
1048,38,1,1,0,1,3,2,15,1,2,92,1,3,3,0,1,14,1,12,3,2,11,10,2,9,0,1
1049,31,0,3,2,1,2,2,7,3,2,39,2,3,3,1,1,14,2,11,2,1,11,9,4,10,0,1
1050,29,0,2,0,5,13,2,10,0,3,39,1,2,1,1,1,14,0,7,2,2,7,7,1,7,0,1
1051,35,1,5,2,1,2,2,5,3,2,62,2,3,1,0,0,13,3,17,5,2,16,6,0,10,0,1
1052,41,1,3,2,1,3,2,6,2,3,95,1,2,1,6,1,15,3,8,3,2,5,4,1,2,0,1
1053,47,1,3,2,5,14,1,4,0,1,96,2,2,2,3,0,19,0,5,3,2,0,0,0,0,0,1
1054,42,0,1,2,1,3,2,23,4,0,44,2,4,3,2,0,14,1,16,2,2,1,0,0,0,0,1
1055,29,1,1,1,5,13,0,2,2,3,61,2,2,2,1,0,14,0,4,3,1,4,3,0,2,0,1
1056,42,1,5,0,3,6,2,2,0,2,52,2,1,2,0,1,11,2,4,5,2,3,2,1,0,0,1
1057,37,1,3,0,1,2,2,6,2,2,51,3,2,0,4,1,13,0,13,2,2,7,7,6,7,0,1
1058,26,1,1,1,5,13,2,1,2,2,57,2,2,2,1,0,17,1,8,3,2,8,7,7,7,0,1
1059,21,0,5,2,5,14,1,1,0,0,96,1,1,1,1,1,11,2,3,3,2,3,2,1,2,1,0
1060,36,0,3,2,5,13,0,1,4,3,45,2,2,3,4,0,15,1,7,5,2,1,0,0,0,0,1
1061,36,1,3,1,5,13,1,3,3,0,48,1,3,3,4,0,11,0,16,2,2,13,9,1,10,0,0
1062,53,1,3,1,1,3,2,1,3,3,88,2,2,2,2,0,11,2,15,2,2,3,2,1,2,0,1
1063,40,0,1,1,1,2,2,10,3,3,46,3,1,2,3,1,13,2,10,3,2,7,7,1,7,0,1
1064,21,1,3,2,5,14,0,9,1,0,39,2,1,3,1,0,22,2,3,3,1,3,2,2,2,0,0
1065,41,1,2,2,5,13,1,4,2,0,56,2,2,1,1,0,18,2,8,5,2,8,7,7,7,1,0
1066,40,1,2,1,5,13,2,22,1,2,68,1,2,2,2,1,12,0,8,5,2,6,4,1,0,1,1
1067,31,1,1,2,1,3,2,9,3,2,42,1,1,1,0,1,16,3,3,5,2,2,2,2,2,0,1
1068,21,0,1,2,5,14,2,12,2,2,90,3,1,1,1,0,15,3,1,0,2,1,0,0,0,1,1
1069,29,1,1,2,1,2,2,23,2,3,54,2,1,3,8,0,16,3,6,4,2,3,2,1,2,0,1
1070,35,1,1,2,1,3,2,9,3,2,96,1,2,1,8,0,19,2,10,5,2,1,1,0,0,0,1
1071,27,1,3,0,0,1,2,1,1,3,82,2,1,1,1,0,11,1,5,2,2,5,2,0,4,0,1
1072,28,1,1,2,5,13,2,9,3,1,92,2,2,3,1,0,16,3,7,1,2,7,5,0,7,0,1
1073,49,1,4,2,1,2,2,7,2,1,31,1,3,2,8,0,22,2,26,2,2,5,2,0,0,0,2
1074,51,0,1,1,5,13,2,14,1,2,87,2,2,3,4,0,11,2,18,2,1,7,7,0,7,0,1
1075,36,0,1,1,1,3,2,2,2,3,96,2,1,2,4,0,13,1,6,3,2,2,2,2,2,0,1
1076,34,1,2,2,5,13,0,19,2,0,67,3,2,3,8,1,13,1,9,3,1,5,2,0,4,1,1
1077,53,0,1,2,1,2,2,2,2,2,96,2,4,3,2,1,13,2,26,2,2,5,4,1,2,0,1
1078,30,1,5,1,5,14,2,2,0,2,72,2,1,1,1,0,18,0,1,3,2,1,0,0,0,0,1
1079,26,1,5,2,1,3,1,3,0,2,73,2,1,0,0,0,22,2,7,2,2,6,4,0,4,1,2
1080,22,0,3,1,1,3,2,11,2,0,43,2,1,1,1,0,13,3,2,1,2,2,1,1,2,0,1
1081,36,1,3,1,5,13,2,2,1,1,61,1,3,2,1,0,13,1,10,2,2,10,9,9,0,0,0
1082,30,1,5,2,1,3,1,4,2,2,40,2,1,3,8,1,22,2,3,4,2,1,0,0,0,1,2
1083,37,0,1,0,1,2,2,14,2,3,95,2,1,0,1,0,12,2,18,2,1,18,7,9,10,0,1
1084,40,0,2,0,5,13,2,2,1,3,46,2,2,1,7,0,12,2,8,5,2,5,4,1,3,0,1
1085,37,1,1,2,1,2,2,10,3,2,49,2,2,1,2,1,12,3,18,2,1,1,0,0,1,0,1
1086,43,1,1,0,1,3,2,12,2,0,59,1,4,1,1,0,11,2,25,3,2,20,10,3,9,0,0
1087,40,0,3,1,1,3,2,2,2,1,78,1,2,2,6,0,22,1,20,3,2,1,0,0,0,0,2
1088,53,1,3,1,1,3,2,5,1,0,86,2,4,0,4,0,11,2,24,4,1,4,2,1,2,0,1
1089,31,0,3,1,1,3,2,7,1,1,31,2,2,0,1,0,12,1,13,5,0,13,10,3,10,0,1
1090,43,1,3,1,1,3,1,21,2,3,61,2,1,3,7,0,20,0,8,1,2,3,2,1,2,0,2
1091,25,0,1,2,5,13,2,4,1,1,96,1,2,3,1,1,11,1,5,3,2,5,4,1,3,0,0
1092,37,0,3,1,1,15,0,25,4,1,72,2,2,2,3,1,15,0,15,2,2,13,10,9,7,0,1
1093,31,1,1,1,1,3,2,1,1,3,96,1,1,0,1,0,12,2,4,3,2,4,2,3,2,0,1
1094,39,1,1,0,1,15,1,1,0,1,52,2,4,2,1,1,14,2,21,3,2,20,8,1,6,0,0
1095,30,0,5,2,5,13,2,12,2,1,83,2,2,2,0,0,11,1,6,5,2,5,4,4,4,0,0
1096,41,1,2,1,5,13,2,1,2,1,49,3,3,0,1,0,16,2,10,2,2,10,7,0,7,0,1
1097,28,1,3,0,1,15,2,17,1,2,79,2,2,0,1,0,12,3,10,2,2,10,0,1,8,0,1
1098,25,1,3,1,1,3,2,3,2,0,91,2,1,0,5,0,13,2,6,5,2,2,2,0,2,1,1
1099,52,1,3,1,1,3,2,3,2,3,39,1,3,2,2,1,14,2,26,4,2,5,4,0,4,0,1
1100,45,1,1,1,1,3,2,10,1,0,69,2,1,3,3,0,21,3,8,3,1,2,2,0,2,0,2
1101,52,0,1,1,0,1,2,4,1,3,30,2,4,3,2,0,13,3,26,2,0,5,2,1,4,0,1
1102,42,0,1,0,1,3,1,26,1,0,92,2,2,2,2,0,11,1,19,3,2,5,4,0,2,0,1
1103,30,0,1,2,1,3,2,2,2,2,43,0,2,3,2,0,20,2,11,2,2,5,4,0,2,0,2
1104,53,0,1,1,1,3,2,7,2,0,41,2,4,0,5,0,11,3,26,5,0,20,8,9,10,0,1
1105,46,0,3,0,0,1,2,18,2,2,87,2,2,2,2,0,14,2,19,5,1,10,7,0,8,0,1
1106,24,0,5,2,5,14,2,1,0,0,62,2,1,1,1,1,16,1,6,4,2,5,3,1,4,1,1
1107,34,0,2,0,5,14,1,6,1,3,33,0,1,2,0,0,16,3,3,3,1,2,2,1,0,1,1
1108,38,1,1,1,0,1,1,2,1,3,42,2,1,3,1,1,22,2,1,3,2,1,0,0,0,0,2
1109,40,0,1,1,5,8,2,2,3,2,79,2,4,2,0,0,14,3,21,2,2,20,10,1,10,0,1
1110,26,0,1,0,1,15,2,23,2,0,90,2,1,3,1,0,22,1,3,3,0,3,2,0,2,0,1
1111,30,1,1,1,1,15,0,3,2,2,53,2,1,3,4,0,15,2,9,3,0,5,3,1,4,0,1
1112,29,1,3,1,1,3,2,3,3,1,93,1,3,2,1,0,18,2,10,2,2,10,2,0,7,0,1
1113,29,0,5,1,1,3,2,25,4,2,71,1,1,1,5,0,16,1,6,2,3,2,2,1,1,1,1
1114,19,1,5,2,3,6,2,2,1,0,52,1,1,3,1,0,12,2,1,3,3,1,0,0,0,1,1
1115,30,0,4,1,5,13,0,22,3,2,69,2,3,0,0,0,11,2,10,3,2,9,8,7,8,0,1
1116,53,1,2,0,5,8,2,26,2,0,56,1,4,3,3,0,12,2,26,3,1,1,0,0,0,0,1
1117,50,1,1,1,1,15,2,26,3,1,88,1,4,2,0,0,15,1,26,2,2,20,10,9,7,0,1
1118,47,0,3,0,1,3,2,2,1,0,65,2,2,3,5,0,13,2,20,2,2,5,0,0,4,0,1
1119,46,1,1,1,1,15,2,2,2,0,51,2,4,2,6,0,13,2,26,2,0,3,2,0,1,0,1
1120,35,1,1,2,1,3,2,22,2,3,46,0,1,2,0,0,15,2,6,2,2,5,4,4,3,0,1
1121,53,0,1,2,1,3,2,8,3,2,42,2,2,2,7,0,11,2,19,3,2,1,0,0,0,0,1
1122,34,1,1,0,1,15,2,2,3,3,62,1,1,2,3,0,12,2,14,3,2,7,3,5,7,0,1
1123,46,0,2,1,5,13,2,10,2,2,94,1,3,3,2,1,19,2,15,3,2,3,2,1,2,0,1
1124,31,1,1,0,1,15,2,9,0,2,33,2,3,1,1,0,22,3,13,5,3,13,8,0,8,0,2
1125,33,1,3,1,1,15,2,15,0,1,56,2,3,2,7,1,12,3,15,2,3,7,6,7,7,1,0
1126,33,1,3,0,1,3,2,10,0,0,38,0,1,3,7,0,13,0,8,2,2,4,3,1,3,1,1
1127,30,1,2,2,5,14,2,7,0,3,57,2,1,1,0,0,14,0,4,3,2,3,2,1,2,0,1
1128,35,1,1,1,1,15,2,16,2,3,72,2,3,2,4,1,12,2,10,2,2,8,7,0,0,0,1
1129,31,1,1,1,1,3,1,20,2,0,66,2,3,2,3,0,12,0,12,2,2,1,0,0,0,1,1
1130,34,0,0,0,3,6,1,23,2,1,43,2,3,0,8,1,15,2,11,2,2,3,2,0,2,1,1
1131,42,1,4,1,0,1,1,5,1,1,96,2,1,2,4,0,17,3,8,4,2,2,2,2,0,0,1
1132,36,1,3,2,5,13,0,10,3,1,32,2,3,3,1,0,14,3,10,3,1,10,3,9,7,0,0
1133,22,1,5,2,1,15,1,4,0,2,96,1,1,2,5,0,16,2,4,3,2,2,2,1,2,1,1
1134,48,0,2,1,5,13,2,2,4,1,37,2,2,3,2,0,14,0,14,2,2,9,7,6,7,0,0
1135,53,0,1,2,5,8,2,18,4,0,83,2,4,1,3,0,22,3,26,2,2,10,9,7,7,0,0
1136,41,1,1,2,5,13,0,10,1,3,56,2,2,3,7,0,14,3,16,3,2,14,3,1,10,0,1
1137,35,1,2,1,5,13,2,1,2,1,85,2,2,2,8,0,11,2,15,2,2,11,9,6,9,0,0
1138,39,0,1,1,1,3,1,8,0,2,48,2,1,2,1,0,11,0,8,3,2,8,3,0,7,0,1
1139,31,1,1,2,5,13,2,2,0,1,77,2,2,3,4,1,13,2,10,2,3,6,5,0,5,0,1
1140,42,1,3,1,1,3,2,24,2,3,56,2,3,0,1,1,21,3,10,5,1,10,9,5,8,0,2
1141,45,1,4,1,5,13,2,2,2,3,61,2,2,1,0,0,19,1,9,3,3,8,7,3,7,0,1
1142,33,0,3,0,1,3,2,1,4,0,95,3,4,2,4,0,19,2,10,2,2,6,1,0,5,0,1
1143,31,1,1,0,5,8,2,7,2,2,44,1,3,3,8,0,21,2,10,3,1,5,4,0,1,0,2
1144,18,1,2,2,5,14,1,5,2,1,69,2,1,1,1,1,14,3,0,3,2,0,0,0,0,1,1
1145,40,1,4,0,5,13,0,26,2,2,58,0,3,0,3,0,15,2,20,2,2,1,0,0,1,0,1
1146,41,0,4,2,1,3,0,2,3,0,62,1,2,2,2,1,17,0,10,3,2,8,7,0,7,0,1
1147,35,0,3,2,5,13,2,1,2,0,80,2,2,2,1,0,16,3,5,3,2,5,4,0,3,0,1
1148,34,1,1,2,5,13,2,21,3,3,74,3,2,3,1,0,12,3,10,3,2,10,7,5,7,0,1
1149,26,1,5,2,1,3,2,24,2,2,66,0,1,3,1,1,18,1,1,3,0,1,0,0,0,1,1
1150,37,0,5,2,1,3,2,1,2,1,59,2,3,3,4,0,17,3,12,3,3,6,5,1,2,0,2
1151,46,0,3,1,1,15,1,18,0,0,86,2,3,2,5,0,11,3,26,3,1,2,2,1,2,0,0
1152,41,0,1,1,5,8,2,2,4,1,91,2,4,0,7,0,16,1,22,2,2,18,10,9,8,0,0
1153,52,1,5,0,1,3,2,6,1,3,78,2,2,0,3,1,12,1,18,3,2,10,9,6,9,0,1
1154,38,0,3,1,0,1,2,10,2,2,76,2,2,2,3,0,19,2,18,4,2,1,0,0,0,0,1
1155,37,0,1,1,1,3,2,1,3,1,65,2,2,1,6,0,12,1,8,2,1,6,5,4,3,0,1
1156,49,1,1,0,1,15,2,18,3,3,58,1,4,2,1,1,17,2,26,5,2,20,9,0,9,0,1
1157,24,1,3,1,1,3,2,23,2,1,89,3,1,3,1,1,11,1,6,3,2,6,5,1,4,0,1
1158,26,1,2,1,5,13,2,26,1,0,66,2,2,1,1,0,20,3,6,5,3,5,3,1,4,0,1
1159,24,1,4,1,1,3,2,17,1,3,94,1,1,1,1,0,21,3,1,2,2,1,0,0,0,0,2
1160,50,1,3,1,3,8,1,3,2,0,96,2,4,1,1,0,11,2,26,2,2,20,5,9,7,0,0
1161,25,1,3,1,5,14,2,13,0,1,40,2,1,2,1,0,11,2,7,1,2,7,4,0,6,0,1
1162,24,0,1,1,1,15,1,7,2,0,55,2,1,2,1,1,16,3,6,4,2,6,3,1,2,1,0
1163,34,1,1,1,1,3,2,1,1,1,83,1,1,3,1,1,13,3,6,3,2,6,5,1,3,0,1
1164,31,1,3,0,5,13,2,13,3,1,46,2,2,0,2,0,17,2,9,2,0,3,1,1,2,1,1
1165,31,1,3,0,5,13,2,6,3,0,66,3,2,3,4,0,22,3,13,4,3,7,7,5,7,0,0
1166,27,0,3,0,1,3,2,6,3,0,66,1,1,2,0,0,12,2,6,5,1,5,3,0,3,0,1
1167,37,1,2,1,5,13,2,2,2,3,75,2,2,2,4,1,11,2,17,3,1,3,0,1,0,0,1
1168,42,0,1,1,1,3,2,2,3,2,81,2,2,3,1,0,13,1,10,4,2,10,2,2,2,0,1
1169,43,1,4,0,1,3,2,6,3,1,50,1,4,3,4,1,14,2,21,3,1,1,0,0,0,0,1
1170,38,0,1,2,1,3,2,1,0,2,43,2,1,0,3,0,17,3,8,3,1,0,0,0,0,0,1
1171,43,1,3,0,1,15,1,9,4,3,72,2,2,2,3,1,13,1,10,3,2,8,7,4,7,0,1
1172,48,0,1,1,1,15,2,1,3,3,40,1,4,0,7,0,11,0,21,3,0,3,2,0,2,0,1
1173,44,0,1,2,3,6,2,1,3,0,50,1,2,2,4,0,11,1,10,1,3,2,2,0,2,0,1
1174,34,0,5,0,5,14,2,14,2,2,31,2,1,2,1,1,18,3,8,3,2,8,2,0,6,0,1
1175,27,1,2,0,5,14,2,2,0,2,85,2,1,0,0,0,11,1,5,3,2,4,3,0,2,1,1
1176,21,1,5,2,5,14,2,22,0,2,49,2,1,2,1,0,11,2,3,2,2,3,2,1,2,0,1
1177,44,1,4,1,1,15,2,3,3,3,35,2,4,3,4,1,12,0,26,2,3,2,2,0,1,0,1
1178,22,1,3,1,1,3,2,6,0,0,69,2,1,2,0,0,20,3,3,3,2,2,2,2,2,0,1
1179,32,0,1,1,1,3,2,9,3,0,92,2,2,3,1,1,12,3,6,2,1,6,4,0,5,0,1
1180,30,0,3,0,1,3,1,3,2,2,71,2,1,2,1,0,20,2,1,2,2,1,0,0,0,0,2
1181,34,1,1,1,1,15,2,1,4,1,42,2,1,3,1,0,12,3,10,4,1,10,9,8,8,0,1
1182,26,0,1,1,1,3,2,6,2,2,71,2,1,3,1,1,13,2,3,2,2,3,2,0,2,0,1
1183,37,1,4,1,1,3,2,3,2,2,36,2,3,2,1,0,15,2,10,2,2,10,7,7,8,0,1
1184,29,0,3,1,5,13,2,3,1,1,62,2,2,2,1,0,14,0,6,5,1,6,0,1,2,0,1
1185,35,1,1,2,1,15,2,6,3,1,82,0,2,3,1,0,13,1,17,3,2,17,10,9,8,0,1
1186,53,1,3,1,3,6,2,19,3,2,88,2,3,1,2,0,15,2,16,1,3,9,7,7,1,0,1
1187,36,1,3,0,1,3,2,9,1,1,48,1,2,1,2,1,11,2,13,2,2,3,2,0,2,0,1
1188,20,1,3,2,1,15,2,10,0,3,32,2,1,2,1,1,11,3,1,5,2,1,0,1,1,1,1
1189,33,1,1,2,1,15,1,3,2,0,70,2,1,0,1,1,11,0,10,3,2,10,8,9,7,1,1
1190,23,1,3,1,1,3,2,4,2,0,58,3,1,0,2,0,16,0,5,3,3,3,2,0,2,0,2
1191,25,1,1,1,5,13,2,8,2,3,57,3,2,1,0,0,22,2,4,4,2,3,2,1,2,0,2
1192,38,0,2,2,5,13,2,7,3,3,46,1,2,3,0,0,20,0,8,2,2,7,7,0,5,0,2
1193,29,1,1,0,1,3,1,1,3,1,76,0,1,3,1,0,18,3,10,5,2,10,7,2,8,0,1
1194,48,1,2,1,5,13,2,2,0,1,56,3,2,1,3,0,12,3,12,3,2,2,2,2,2,0,1
1195,27,0,3,0,5,13,1,3,0,3,71,3,2,3,1,1,20,1,6,3,2,6,5,0,4,0,2
1196,37,1,1,2,1,15,2,10,1,3,80,3,1,3,3,0,17,0,4,2,2,1,0,0,0,0,1
1197,50,1,3,1,1,15,2,26,0,3,74,3,1,2,1,1,11,2,20,3,2,20,8,3,8,0,1
1198,34,0,3,2,0,1,2,9,2,3,46,1,3,1,1,0,14,1,9,3,3,8,7,7,7,0,1
1199,24,0,1,2,5,13,2,3,1,0,65,2,2,2,8,0,14,0,4,3,2,2,2,2,0,1,0
